-4.995451247685554069e-02,1.207866470780438219e-02,-5.518746229625569322e-02,1.323931407469579671e-02,-4.586739056713724089e-02,1.259308194465744331e-02,-4.974253768736965758e-02,5.034688079419196750e-03,-4.809506898027890442e-02,-2.558579112491228633e-03,-4.104250464762128348e-02,2.031348871877130396e-02,-4.935654198521628733e-02,4.834872430209986166e-03,-2.610375195170568097e-02,-4.097483815108686998e-03,-7.888410797450688683e-02,-2.266470835475653187e-02,8.546089716806608630e-03,-6.360510442035839998e-03,-1.064957234135047587e-01,-1.181869027645689532e-02,-2.994355758730166822e-02,2.443662425165942474e-03,-4.268742468834916398e-02,4.811420217125471528e-03,-8.213465293252302738e-04,-3.351779592328088531e-03,-2.860251971548227051e-02,5.104765596705230189e-03,4.082647069559692220e-03,6.448614381382356334e-03,-9.642567555133969501e-03,5.578065854728745353e-03
-5.039286636095072908e-02,1.431455240667081803e-02,-5.432865127554906137e-02,1.566278231995230780e-02,-4.643008974738951911e-02,1.498740613180580758e-02,-4.743313278669761268e-02,7.899190478051707973e-03,-4.885222977331692140e-02,8.387543291441391761e-05,-4.087544832571864128e-02,2.413451671397713605e-02,-4.848785684811579566e-02,8.172440114269433759e-03,-2.446370685344222140e-02,-5.475678712753905691e-03,-8.071153334368741383e-02,-2.481129525131784905e-02,1.787916850604756580e-02,-8.811537550717059991e-03,-1.065379039806380879e-01,-1.584944866687488033e-02,-3.009579651563498714e-02,3.748029735653163330e-03,-4.314921780966938375e-02,7.023466881146439578e-03,3.683546150899550016e-03,-4.613024034770589477e-03,-3.110620818712497154e-02,3.930424538270803868e-03,4.066121313083775717e-03,8.715614671083754539e-03,-9.502951221050819075e-03,6.540868619718420707e-03
-4.983398705955630753e-02,1.699248134564039503e-02,-5.295976296464250527e-02,1.858379403886972758e-02,-4.593270710477138918e-02,1.782658201239891577e-02,-4.577757071705855496e-02,1.142763136166167343e-02,-4.856312573641562158e-02,3.220335098316077886e-03,-4.087686516795326769e-02,2.724536184612422890e-02,-4.752929783650625822e-02,1.114991364109791522e-02,-2.286609370267593533e-02,-7.477691241628371677e-03,-8.300620431139885125e-02,-2.718526371427755148e-02,2.757356232518769906e-02,-1.215485591095462684e-02,-1.061664879427587777e-01,-1.995870724328593915e-02,-3.007987177085972436e-02,5.377807948120342726e-03,-4.316399538974793199e-02,9.715978615937346380e-03,7.920627733872649678e-03,-5.714716471468208117e-03,-3.376711294101400473e-02,3.039882240491874939e-03,3.991232108014651850e-03,1.119230597816100493e-02,-9.501062075937630538e-03,7.554589545819440435e-03
-4.836024299360457829e-02,2.017667913367678090e-02,-5.108981134489682524e-02,2.205594888294041406e-02,-4.447087053923819144e-02,2.117183977273634152e-02,-4.463174453375265416e-02,1.562695316956331029e-02,-4.742637991503628053e-02,6.883092590567949955e-03,-4.096338506225154913e-02,2.951242555417361163e-02,-4.657385308442366784e-02,1.366989182434513728e-02,-2.125748854787448683e-02,-9.876555163380040803e-03,-8.577474597564613279e-02,-2.950188921220205790e-02,3.678609453442147070e-02,-1.636374600383767516e-02,-1.055841490336446725e-01,-2.411422185679802654e-02,-2.994324882045244773e-02,7.451291834108311578e-03,-4.275730824579132561e-02,1.287715304233768600e-02,1.181570012558115848e-02,-6.588316215985913493e-03,-3.651177908217066032e-02,2.545568796591319606e-03,3.859168002783782813e-03,1.362322776393740109e-02,-9.656542690348978233e-03,8.474497867154682368e-03
-4.621545096390046459e-02,2.385092914712239401e-02,-4.883951972206651559e-02,2.604167857699976607e-02,-4.231435810336722086e-02,2.500252679078746043e-02,-4.382054087883805599e-02,2.040931686523224028e-02,-4.578439939272565401e-02,1.103760117145192142e-02,-4.109943714837751422e-02,3.094795646470016592e-02,-4.565640040925492832e-02,1.575461831000755930e-02,-1.960612357205082298e-02,-1.240526315372109632e-02,-8.905231880345583495e-02,-3.142034515156201524e-02,4.475723404133138267e-02,-2.137293823883790189e-02,-1.049556095831774560e-01,-2.832621020665204020e-02,-2.976400208900148447e-02,1.006080585620609293e-02,-4.206943475007661470e-02,1.642636259217164496e-02,1.532911354275046795e-02,-7.255869633080772561e-03,-3.922455326946788778e-02,2.498103318996673042e-03,3.669157638525316102e-03,1.577400589400376751e-02,-9.970326313136622376e-03,9.175593518624410028e-03
-4.375815355769482190e-02,2.794572755107952930e-02,-4.643285241587136875e-02,3.043878928592443772e-02,-3.985094578343111732e-02,2.924016719889636212e-02,-4.320653120524239194e-02,2.561319330170791150e-02,-4.404222762811288439e-02,1.559962345421617678e-02,-4.128199857140157913e-02,3.172027768733915593e-02,-4.476150978359397237e-02,1.755202678952679646e-02,-1.791302951824026712e-02,-1.482383985852266453e-02,-9.286486199840168765e-02,-3.264611188403172132e-02,5.098996909053231386e-02,-2.709701975551006073e-02,-1.043646503376025880e-01,-3.261678805486582094e-02,-2.961796037648827679e-02,1.326365765635259542e-02,-4.131313859728907856e-02,2.023017845754575272e-02,1.844777572475751748e-02,-7.807845794022171687e-03,-4.179058083933246542e-02,2.887708781661844307e-03,3.413109419807381674e-03,1.748110155866757290e-02,-1.042841910266176925e-02,9.592832520714321409e-03
-4.138397795733642082e-02,3.238957445458821860e-02,-4.415474277484535831e-02,3.513639857746506112e-02,-3.749720786369303838e-02,3.379619793462244892e-02,-4.273213133985642731e-02,3.105015295731516564e-02,-4.257080344188141074e-02,2.046792973675639823e-02,-4.149525206688547962e-02,3.213481804000203890e-02,-4.386868277200766525e-02,1.930028400509651784e-02,-1.620749017402315501e-02,-1.695669709019902854e-02,-9.717319953822201040e-02,-3.302177420699128896e-02,5.533160534088715776e-02,-3.343498764421815733e-02,-1.038073682527806546e-01,-3.699202913615958627e-02,-2.955328138937812071e-02,1.708367408847163982e-02,-4.070652199102248181e-02,2.414151252408196224e-02,2.117991064884811384e-02,-8.348196578684990987e-03,-4.413582471261642826e-02,3.655335604115119048e-03,3.078566778697643287e-03,1.867244579010129274e-02,-1.101250892515169555e-02,9.740252243021257222e-03
-3.944050451057307116e-02,3.715490551383569123e-02,-4.228692256743624145e-02,4.007065453168468655e-02,-3.560191594906897405e-02,3.861809635282448944e-02,-4.242569924050001995e-02,3.655678028437693572e-02,-4.161787536578494262e-02,2.555703257129858172e-02,-4.172679978632667930e-02,3.258492882424583736e-02,-4.294982768940450168e-02,2.126362752283955659e-02,-1.453344199395192882e-02,-1.868165447352247016e-02,-1.018236702500027180e-01,-3.257066969873544798e-02,5.794484300738918237e-02,-4.024565807264987582e-02,-1.032254337476654210e-01,-4.143806545436656830e-02,-2.958460994395698679e-02,2.151459189598999705e-02,-4.041495415296240262e-02,2.803898340337955541e-02,2.356060463393697124e-02,-8.935515540344928301e-03,-4.624484539969602598e-02,4.705106628223808610e-03,2.656134586462518404e-03,1.935885306705980094e-02,-1.170837971193900567e-02,9.704610815240294341e-03
-3.815922955338012929e-02,4.226577530590704124e-02,-4.104310824311527967e-02,4.524449537768530233e-02,-3.437817227360003697e-02,4.370512424712964805e-02,-4.236787884976066232e-02,4.202609294076452978e-02,-4.126012381451792110e-02,3.081190643105378643e-02,-4.195990583111851302e-02,3.346964668727030190e-02,-4.199673678410105471e-02,2.366021925854501842e-02,-1.293520514943254096e-02,-1.988919701530315887e-02,-1.065306342852898880e-01,-3.147535151178998403e-02,5.920485035988213435e-02,-4.729942452151096599e-02,-1.025652013724340783e-01,-4.594005415920276308e-02,-2.970270268499564104e-02,2.651698269087045950e-02,-4.052371204993800158e-02,3.184788758294736927e-02,2.566085296181741526e-02,-9.549292403444016933e-03,-4.815372438800588628e-02,5.915622139436615620e-03,2.147386072247757949e-03,1.960792043037603433e-02,-1.250443539595089137e-02,9.617391765843367329e-03
-3.762093420951298506e-02,4.775976724556552089e-02,-4.052179188436488833e-02,5.070103506592387593e-02,-3.388101555510789759e-02,4.908461397198238263e-02,-4.264629804742222502e-02,4.741262275012390892e-02,-4.140833057937247375e-02,3.620008663167531560e-02,-4.217459007209059529e-02,3.509839399321103282e-02,-4.103835313148833375e-02,2.660836639031784884e-02,-1.145363422673449649e-02,-2.045368318137734398e-02,-1.109004476405706652e-01,-2.999982203395679808e-02,5.957224203192096335e-02,-5.424035210571014065e-02,-1.018343780022957779e-01,-5.049769343318061959e-02,-2.988786049382221102e-02,3.200788946519335376e-02,-4.103971181686264652e-02,3.553937889097071035e-02,2.758559666172959515e-02,-1.009512573989908811e-02,-4.992570824564201981e-02,7.154678608796682590e-03,1.569269832808736125e-03,1.951401598032182633e-02,-1.338215032625048734e-02,9.614742877162140572e-03
-3.775486128771907146e-02,5.363036271221481577e-02,-4.068448613107649575e-02,5.646921660442048851e-02,-3.403051158096291606e-02,5.476724856897254023e-02,-4.330384278249951868e-02,5.271522295005261205e-02,-4.186594313091332453e-02,4.169345220650698403e-02,-4.235077064265416885e-02,3.762036068477317419e-02,-4.013983805020882034e-02,3.010862336934865338e-02,-1.013276314467737547e-02,-2.024285707533012707e-02,-1.144903855503539847e-01,-2.839009854784436959e-02,5.948785366979147254e-02,-6.059926629323540703e-02,-1.011276634162252275e-01,-5.511269762714827297e-02,-3.011476077420952371e-02,3.785262599493199875e-02,-4.190441304211837970e-02,3.911965903797132160e-02,2.945475058721814046e-02,-1.043807263895592252e-02,-5.162321917767632301e-02,8.302326971306886114e-03,9.537737725264176097e-04,1.917248411559192844e-02,-1.430628541344790283e-02,9.798438291943593892e-03
-3.836281883783268509e-02,5.978785852225987352e-02,-4.136132065453823614e-02,6.251580161722682105e-02,-3.465951979704180036e-02,6.070973367773080387e-02,-4.430042703885603977e-02,5.795521253027577369e-02,-4.241369965145133647e-02,4.725331634504489203e-02,-4.247535445455005720e-02,4.100904815836759615e-02,-3.938353544828645386e-02,3.406350673388212208e-02,-9.031286209502557144e-03,-1.916185169787334650e-02,-1.168880458524835797e-01,-2.679707434507867109e-02,5.930582835631104804e-02,-6.587723912625768896e-02,-1.006030637190433175e-01,-5.974715461992646109e-02,-3.034684122682104745e-02,4.386954128683981380e-02,-4.300327809614087893e-02,4.261947270493578188e-02,3.137464045474377961e-02,-1.044411883615186699e-02,-5.328770715637438926e-02,9.280329756556675302e-03,3.413175774293822481e-04,1.866264307098247643e-02,-1.522451841889961056e-02,1.021090899487357359e-02
-3.916301070210777280e-02,6.607647325480178746e-02,-4.228383208122735160e-02,6.874185605042412717e-02,-3.556386997261687388e-02,6.681716245400751153e-02,-4.550144388526219941e-02,6.316437384365708452e-02,-4.288491732855165273e-02,5.283339549821150505e-02,-4.255123981270885619e-02,4.510512868912963658e-02,-3.883658368585090476e-02,3.832346062391551317e-02,-8.220365621235528608e-03,-1.719927332623862049e-02,-1.177912167145299949e-01,-2.525178888958490991e-02,5.924983064023676277e-02,-6.966915806789839016e-02,-1.004169428979732603e-01,-6.428675788906598743e-02,-3.052859581259026456e-02,4.985235333596128166e-02,-4.417267747001277223e-02,4.608803527027863223e-02,3.341655137113632573e-02,-1.001220803240161425e-02,-5.493065817400396428e-02,1.007751202213694360e-02,-2.320451114894323832e-04,1.804161797066967943e-02,-1.607979726305288834e-02,1.083447678436321587e-02
-3.985382482919246766e-02,7.234069893805036844e-02,-4.314377271601308600e-02,7.502414109247085294e-02,-3.654318615876596399e-02,7.298232189680875504e-02,-4.670570884143690482e-02,6.838671782582653180e-02,-4.320366862710393885e-02,5.839562527899012923e-02,-4.259979792962652334e-02,4.969049501886847742e-02,-3.852032861488862564e-02,4.273873953828318667e-02,-7.757218882554758194e-03,-1.444554577463147936e-02,-1.170767889737722445e-01,-2.368763508327006995e-02,5.939254627490746924e-02,-7.176826488250868941e-02,-1.006404499296185973e-01,-6.854517085686590017e-02,-3.058574678993426776e-02,5.560410117374783162e-02,-4.521332834967199676e-02,4.958491769737207594e-02,3.561149942034153026e-02,-9.090553078998756670e-03,-5.653613188708145332e-02,1.075533305301938809e-02,-7.501965535775389094e-04,1.734907622820967485e-02,-1.682912484819389445e-02,1.161260588033368596e-02
-4.020066204443815960e-02,7.849513409580589907e-02,-4.367927651553339674e-02,8.126880124450140686e-02,-3.743627655751179811e-02,7.913071431369000930e-02,-4.771356395435964737e-02,7.368146625717618414e-02,-4.337845442295415466e-02,6.392355787220529995e-02,-4.265446466759944405e-02,5.455592486835145194e-02,-3.840200356092681594e-02,4.720441781251681623e-02,-7.643029872332270623e-03,-1.107607839784453818e-02,-1.148387096009028246e-01,-2.198405226934562612e-02,5.965291461823773317e-02,-7.220454422407877881e-02,-1.011970075840639693e-01,-7.232014401154279737e-02,-3.044342493732358351e-02,6.096743477306853370e-02,-4.591942557673592273e-02,5.316595359829297956e-02,3.795778092714077734e-02,-7.678545547402168894e-03,-5.806878609547898307e-02,1.142413190558404582e-02,-1.229964388039628265e-03,1.661940360113947981e-02,-1.745831011112901343e-02,1.248163765005900691e-02
-4.011560542789299744e-02,8.454971911984227040e-02,-4.376259658254169627e-02,8.743928499566278045e-02,-3.814250595207445416e-02,8.523904007746130329e-02,-4.840730079201310820e-02,7.911116893295783159e-02,-4.345669887347194255e-02,6.941942666338640766e-02,-4.274686815744310753e-02,5.954131692907713158e-02,-3.840170693420148773e-02,5.168352485190397250e-02,-7.789518028933170579e-03,-7.312189200866315089e-03,-1.113840749828325649e-01,-2.000393871074611363e-02,5.982546037259679067e-02,-7.119501533085384470e-02,-1.018346585929503223e-01,-7.547149472326261654e-02,-3.005951793751464665e-02,6.584402151000447179e-02,-4.611760364784663058e-02,5.686566078587694528e-02,4.043018106973864795e-02,-5.816185329777324130e-03,-5.948565029368210050e-02,1.219887189921295065e-02,-1.722221037259628884e-03,1.589341255850370768e-02,-1.798309238990153380e-02,1.339395675196629679e-02
-3.968713837289405272e-02,9.057106279189588993e-02,-4.344709906243647557e-02,9.353857263016683576e-02,-3.862597634084240228e-02,9.131347919210767994e-02,-4.879046670777636985e-02,8.471030818241213900e-02,-4.347465284207629316e-02,7.488732582278644079e-02,-4.289642861066587237e-02,6.454919047199451920e-02,-3.843946712031082180e-02,5.620716496499599674e-02,-8.019077496361177310e-03,-3.378691868760519759e-03,-1.071810224742457962e-01,-1.761631756392387574e-02,5.963622208147335846e-02,-6.903720029443695394e-02,-1.021682729830908909e-01,-7.796499160797568106e-02,-2.946125214861837135e-02,7.019773608268965737e-02,-4.570087502161839649e-02,6.068547277257690942e-02,4.298583458872805296e-02,-3.564890108081848405e-03,-6.074981239392151372e-02,1.315710682748204470e-02,-2.299695590823133511e-03,1.522141561049861723e-02,-1.843642110263659512e-02,1.432039434656486726e-02
-3.913493988942907259e-02,9.660795543255583373e-02,-4.294870365624388342e-02,9.956412787028721956e-02,-3.889773482277922301e-02,9.734781326862761153e-02,-4.897022994324436163e-02,9.044712009438851674e-02,-4.342021329315091938e-02,8.031386324195904924e-02,-4.310873262969229514e-02,6.954226046370659553e-02,-3.843820487638613392e-02,6.085241769221270275e-02,-8.107561510722584991e-03,5.343624550535589933e-04,-1.027580453679921152e-01,-1.471397718290870862e-02,5.881537917139341431e-02,-6.599932300869572332e-02,-1.017863364013034677e-01,-7.984336288734376896e-02,-2.876952533324883196e-02,7.404167596364683024e-02,-4.463982834440818892e-02,6.459360739976918730e-02,4.556667609020585707e-02,-9.890883848423653868e-04,-6.184288347473645281e-02,1.432012523984634890e-02,-3.034555590774538208e-03,1.465446824170484746e-02,-1.884991689502570414e-02,1.523432153953032872e-02
-3.870738463578542177e-02,1.026342154728560607e-01,-4.255948293968195989e-02,1.054738856986967843e-01,-3.899120786640995762e-02,1.032953056779933182e-01,-4.908900350097398363e-02,9.620812617408953937e-02,-4.323572286786110663e-02,8.566425958236673077e-02,-4.338620057062270163e-02,7.453294703036567048e-02,-3.830957079277031579e-02,6.570411502722370289e-02,-7.851031363363521198e-03,4.302792468392728845e-03,-9.857997880483790332e-02,-1.124194296880356818e-02,5.717227570821191429e-02,-6.226681529992747488e-02,-1.004109476762453379e-01,-8.113107211104553240e-02,-2.819566667426791351e-02,7.741296820546822444e-02,-4.297445684320674170e-02,6.853605538442189560e-02,4.810248524053134522e-02,1.850695294605024695e-03,-6.277369562223238109e-02,1.566301690484109624e-02,-3.976048860027423665e-03,1.422930518118505766e-02,-1.924070894387506711e-02,1.609241719776102059e-02
-3.857978674748314962e-02,1.085469478235073226e-01,-4.253442655947504980e-02,1.111913633564205195e-01,-3.894734202463369377e-02,1.090762478422072912e-01,-4.925995902492211198e-02,1.018224349317541494e-01,-4.285343483581346286e-02,9.089787732851202506e-02,-4.373718448274382942e-02,7.956735744826054502e-02,-3.790754321506538405e-02,7.081618768341436942e-02,-7.129016388235930556e-03,7.883578863627517183e-03,-9.493864466352035236e-02,-7.235863184565190752e-03,5.465672905968067818e-02,-5.797175207306261985e-02,-9.804749550763666721e-02,-8.173430129957272305e-02,-2.800406942066941199e-02,8.034492479326901804e-02,-4.079808015829424622e-02,7.245411836682313922e-02,5.051716059258271746e-02,4.889125766650709304e-03,-6.358105627603179155e-02,1.713892312063368395e-02,-5.137895465162917695e-03,1.395553196096688611e-02,-1.961045463381487497e-02,1.683121301210768056e-02
-3.879883411395142895e-02,1.142176916993766778e-01,-4.299931260113496606e-02,1.166448991105920319e-01,-3.880546516704612425e-02,1.146133853287961274e-01,-4.954602205681417348e-02,1.071221644773066028e-01,-4.223018697456363407e-02,9.599265041819278477e-02,-4.417622958531519650e-02,8.470020491126993567e-02,-3.694217205105075619e-02,7.618944661427269616e-02,-5.945482057395775830e-03,1.130918906444496226e-02,-9.190459586169867634e-02,-2.848737045493172654e-03,5.138593681706030147e-02,-5.328117435926747747e-02,-9.504835088133997689e-02,-8.140504741418208567e-02,-2.844355330888099706e-02,8.285527038705339797e-02,-3.824399033429007333e-02,7.630183184139908981e-02,5.273360241329967668e-02,8.044292607266804312e-03,-6.432596995463721323e-02,1.869494754695434635e-02,-6.498045666993648717e-03,1.381270824274740371e-02,-1.995383833454065017e-02,1.738459512242097882e-02
-3.929433895514652247e-02,1.195515874823898650e-01,-4.391465547261592245e-02,1.218030605093604890e-01,-3.860420379334034147e-02,1.198618803240579789e-01,-4.996919654651628406e-02,1.120047851889816454e-01,-4.137304156141965311e-02,1.009563522095880406e-01,-4.470742395419422671e-02,8.996698435964049778e-02,-3.497478508908447026e-02,8.177688613037771559e-02,-4.436447708225131799e-03,1.465670893783807202e-02,-8.936532852828449336e-02,1.662383981962698787e-03,4.761863826458169469e-02,-4.846810685680516539e-02,-9.203049801661916662e-02,-7.981695600090277232e-02,-2.966737728331707291e-02,8.496216913697954287e-02,-3.548003545614029225e-02,8.005838123198957823e-02,5.467890091809797515e-02,1.122045020466762300e-02,-6.507717693459891262e-02,2.027177566171064690e-02,-8.007190142621158774e-03,1.375856224797859621e-02,-2.026862900411839294e-02,1.771416998671841020e-02
-3.993445139270822980e-02,1.245114106270942822e-01,-4.510039683645815367e-02,1.266738054122499568e-01,-3.838437119543876286e-02,1.248077415825207814e-01,-5.051638525881653463e-02,1.164569469726232376e-01,-4.034899646034307424e-02,1.058120476684165923e-01,-4.530926582685436410e-02,9.536612544469566521e-02,-3.151164747400486688e-02,8.751077996670156289e-02,-2.840562064166486829e-03,1.800183586459879262e-02,-8.713727975213281240e-02,6.005230968495416100e-03,4.367506925569259596e-02,-4.389757846448268108e-02,-8.966664239250418666e-02,-7.672382927615038761e-02,-3.166793317791289503e-02,8.672305702637433944e-02,-3.269954431206330281e-02,8.373224512440385903e-02,5.629083446267338364e-02,1.433285331703582771e-02,-6.589311352060364668e-02,2.179488115731566256e-02,-9.600139292101128596e-03,1.374380866744218110e-02,-2.055958031291794594e-02,1.783261727058553861e-02
-4.058765940425686919e-02,1.291011036970277637e-01,-4.630416222608291221e-02,1.312722934895123039e-01,-3.819018015202817196e-02,1.294416043366367897e-01,-5.112707847172474895e-02,1.205296644005368623e-01,-3.927948982868479516e-02,1.105679975218531313e-01,-4.592881318835542043e-02,1.008589278485621799e-01,-2.621078810853474939e-02,9.332985498251820944e-02,-1.438816218136162225e-03,2.137660554083872441e-02,-8.509526375250052455e-02,9.956032084525355541e-03,3.983232880916898200e-02,-3.991341124190106449e-02,-8.844076737107677000e-02,-7.211795117581940029e-02,-3.425657542559440438e-02,8.826588928591087846e-02,-3.009746980315408660e-02,8.735231129205943412e-02,5.752485505160899459e-02,1.733820156691032177e-02,-6.680814130782723737e-02,2.317266498340018327e-02,-1.120578352498506451e-02,1.372608736085988157e-02,-2.083550199256833935e-02,1.780593599934101462e-02
-4.116378537838961960e-02,1.333403992495074131e-01,-4.728015822326487455e-02,1.355946164990202429e-01,-3.807111285984003668e-02,1.337415628412379487e-01,-5.167520488211455737e-02,1.242928278255517049e-01,-3.832733346008204700e-02,1.151995254421060294e-01,-4.648863743855573272e-02,1.063784407997911546e-01,-1.912809273362409482e-02,9.918103197593212961e-02,-4.793413081121897235e-04,2.475303331315949901e-02,-8.325707861967183987e-02,1.345244598217238546e-02,3.625333948487795971e-02,-3.669420363766536658e-02,-8.848224679690851191e-02,-6.629448246037079884e-02,-3.710772441701216950e-02,8.978070694443703037e-02,-2.783730603827079542e-02,9.094671606828705346e-02,5.836288185015621466e-02,2.024500738901509334e-02,-6.782816038660714753e-02,2.431051298328910926e-02,-1.275525039340652186e-02,1.367656722155104719e-02,-2.110434708353264160e-02,1.773407738506419321e-02
-4.161926908546585702e-02,1.372588529371907284e-01,-4.785032729533972295e-02,1.396249770206404173e-01,-3.807136775518528415e-02,1.376857589981943797e-01,-5.198554657732205875e-02,1.278022137310066420e-01,-3.766175505860594463e-02,1.196578562233499982e-01,-4.690280855357290002e-02,1.118399115970608731e-01,-1.087818789794596508e-02,1.049933048812894676e-01,-1.099949705987668088e-04,2.805744190392953086e-02,-8.178518695870348743e-02,1.662235700850367773e-02,3.298743565114545945e-02,-3.417817684958853602e-02,-8.956284779020726172e-02,-5.978145149034490291e-02,-3.985702427418028049e-02,9.146495547370621371e-02,-2.601879590733693903e-02,9.451795798279710725e-02,5.881901144128504760e-02,2.309145554063330580e-02,-6.893490569352668518e-02,2.513624746949032554e-02,-1.418757524026334829e-02,1.357853778997740804e-02,-2.137195829562029900e-02,1.772023810530978793e-02
-4.193672820643747773e-02,1.409150634878824082e-01,-4.793160279440425442e-02,1.433751568641366547e-01,-3.821081009981275312e-02,1.412914608901806590e-01,-5.188577101983939122e-02,1.311001123021260373e-01,-3.741023754787105304e-02,1.239036296148531141e-01,-4.709504505391270968e-02,1.171405543135227711e-01,-2.600674133999766879e-03,1.106438130618590254e-01,-3.448275823180446112e-04,3.120452890948969410e-02,-8.091305832567378953e-02,1.972776348440945585e-02,3.003499551646245797e-02,-3.211404239532333199e-02,-9.123445681637966376e-02,-5.317420348076677683e-02,-4.221241245142090537e-02,9.344997651176284448e-02,-2.466619781516716722e-02,9.802918720190870183e-02,5.894519604492972492e-02,2.590276229196202332e-02,-7.009531746714241229e-02,2.562340834382781374e-02,-1.545183477698613451e-02,1.342237090112628067e-02,-2.164478706379685882e-02,1.784426482368053207e-02
-4.209411662366738943e-02,1.444093273068526306e-01,-4.752832197303097361e-02,1.469150804144751521e-01,-3.846031702677472908e-02,1.446421616046857928e-01,-5.127458179352221979e-02,1.342345302155107944e-01,-3.760904238412982048e-02,1.279367852864684574e-01,-4.701815788861279238e-02,1.221539073642801676e-01,4.293966252714257262e-03,1.159449573191444760e-01,-1.075131681851675602e-03,3.413245077313870057e-02,-8.083699964074442246e-02,2.304715473542036722e-02,2.741977172333572021e-02,-3.020369487600958053e-02,-9.302907266871886238e-02,-4.696418156381931830e-02,-4.402946592792794656e-02,9.575471105302953145e-02,-2.374326246376100291e-02,1.014114440043672877e-01,5.883348922883235854e-02,2.865698866819684984e-02,-7.127084814752383812e-02,2.579884166834822690e-02,-1.650633839861486568e-02,1.320354635650222014e-02,-2.193254938629363507e-02,1.814665419603705629e-02
-4.204539595661568180e-02,1.478634315523199572e-01,-4.670326260741790303e-02,1.503606507606686793e-01,-3.873094094129649057e-02,1.478726206710491431e-01,-5.016217833384468971e-02,1.372749225827477326e-01,-3.818260782645455098e-02,1.318000884172653431e-01,-4.667054322107441061e-02,1.267336027725619318e-01,8.514628014419210397e-03,1.206697692340163858e-01,-2.117669864396734287e-03,3.682354753649486057e-02,-8.162399585720160611e-02,2.675677719130102258e-02,2.520851858547883129e-02,-2.824083746235096781e-02,-9.461985109037730768e-02,-4.144071955471627378e-02,-4.532191266289143511e-02,9.829046312638090033e-02,-2.318314207911641861e-02,1.045881394004946341e-01,5.861171354754313861e-02,3.128328869784671729e-02,-7.242410297145347731e-02,2.573108806617741690e-02,-1.731689813927508176e-02,1.292571065625891351e-02,-2.224640370315215249e-02,1.862436936618145494e-02
-4.172714130542244659e-02,1.513706089418518363e-01,-4.554850000964351386e-02,1.538200274285770053e-01,-3.888948863860424571e-02,1.511135555920385676e-01,-4.866799831110994734e-02,1.403075936441954830e-01,-3.896394748580876005e-02,1.355523354771537015e-01,-4.610052228524282730e-02,1.307326080089341869e-01,9.273429550548597730e-03,1.246062618799048394e-01,-3.282334307557745363e-03,3.930305907307843349e-02,-8.316592023892840913e-02,3.086559752404890999e-02,2.346599091801671727e-02,-2.616532015639163808e-02,-9.588831471445971588e-02,-3.669317274364991555e-02,-4.621284722688492885e-02,1.009085611265066740e-01,-2.291320165002838985e-02,1.075004368240281560e-01,5.842728014750309812e-02,3.369135125671384595e-02,-7.352494350898196307e-02,2.550557915779588791e-02,-1.785749336495054407e-02,1.260557463399105543e-02,-2.259300110570713546e-02,1.923569275281419508e-02
-4.109031885287292574e-02,1.549487966761431967e-01,-4.416678174994882744e-02,1.573344211730636488e-01,-3.880447186575468332e-02,1.544301209343735548e-01,-4.697342957792958323e-02,1.434164726517565547e-01,-3.975746128437562810e-02,1.392300590352692491e-01,-4.539018959262954012e-02,1.340356138386537554e-01,6.529566339445573749e-03,1.276167267063058330e-01,-4.435999405922926714e-03,4.163131964367197679e-02,-8.519739855121843952e-02,3.523095764608558805e-02,2.217902183783490230e-02,-2.401536647048911968e-02,-9.689714606428367905e-02,-3.268064717788738555e-02,-4.686008128016352220e-02,1.034586809631289767e-01,-2.286003326651917314e-02,1.101194391316132615e-01,5.841765470144721223e-02,3.581156579191819428e-02,-7.455831380370603334e-02,2.520171146196051662e-02,-1.811424440030338229e-02,1.227318527130227821e-02,-2.296884889299687441e-02,1.991166953032104739e-02
-4.014451986879008505e-02,1.585275155887552467e-01,-4.266759580025410864e-02,1.608510144668683362e-01,-3.840547974433999867e-02,1.577905083478285397e-01,-4.525646287519839717e-02,1.466592188833421018e-01,-4.041284622439429014e-02,1.428220344271671771e-01,-4.462592988937542915e-02,1.365898143429063183e-01,1.010890698685538644e-03,1.296773406949764118e-01,-5.539294078028629727e-03,4.390585877677968124e-02,-8.736718315662779510e-02,3.963463186578315700e-02,2.120746209987497272e-02,-2.183233347513266476e-02,-9.781299487180149244e-02,-2.931067164708211006e-02,-4.739294905051723295e-02,1.058280378156224583e-01,-2.294374389016551677e-02,1.124412515534721491e-01,5.867717550863182224e-02,3.761654735552172335e-02,-7.553223808195606848e-02,2.488098040695803717e-02,-1.808884586773673933e-02,1.196525888924943742e-02,-2.335977155904161301e-02,2.057418178916266271e-02
-3.898375979796582513e-02,1.619760228977228933e-01,-4.116240687391607700e-02,1.642428909810840776e-01,-3.773056570666384613e-02,1.610812932006676079e-01,-4.362794819928478285e-02,1.500460713191807405e-01,-4.088618901746243761e-02,1.462702800664884561e-01,-4.388038371810486227e-02,1.384249664893344722e-01,-6.006547632391366805e-03,1.308872549230687965e-01,-6.641704092602956563e-03,4.627439164439581948e-02,-8.933918291433411152e-02,4.387453128652370193e-02,2.030121331378968025e-02,-1.958913947473795575e-02,-9.882182064379677056e-02,-2.648623459015957138e-02,-4.788094481456690865e-02,1.079533781802182735e-01,-2.308108347520533218e-02,1.144753265423437000e-01,5.923523794051940849e-02,3.911475365897285061e-02,-7.647875974328710580e-02,2.459144189013926299e-02,-1.779672380300822282e-02,1.171449908883849880e-02,-2.374626187229104957e-02,2.115713241370313288e-02
-3.777149431130970292e-02,1.651622212435041315e-01,-3.974561402530287640e-02,1.673686912013368777e-01,-3.692985125839850363e-02,1.641650437679032515e-01,-4.209176143903604894e-02,1.535326167297369482e-01,-4.126123562804632355e-02,1.494998102490346370e-01,-4.322157074409489069e-02,1.396573987636076097e-01,-1.309860290583146278e-02,1.314482460524400986e-01,-7.838521416303152745e-03,4.894256942587108666e-02,-9.088067574316421871e-02,4.782716118738167960e-02,1.917096546121047074e-02,-1.717810754002253512e-02,-1.000649642809418594e-01,-2.411699408842582493e-02,-4.833640129534046148e-02,1.098142997146298455e-01,-2.320907177601973237e-02,1.162378808161855237e-01,6.005669729982969496e-02,4.032550311934618437e-02,-7.744259546458875931e-02,2.438019801735338138e-02,-1.726237053379105907e-02,1.154101279523379875e-02,-2.411138916373862726e-02,2.162327772971637738e-02
-3.667989953019767241e-02,1.680110796701838327e-01,-3.846712088836662380e-02,1.701374619801761523e-01,-3.620906867643050586e-02,1.669481896346823036e-01,-4.054843962304383737e-02,1.570315098580950530e-01,-4.170852475731094688e-02,1.524597680204233252e-01,-4.273384188861487076e-02,1.404786957210423237e-01,-1.911742509341481100e-02,1.316226470115532121e-01,-9.210895325936815925e-03,5.214283724306111034e-02,-9.190215512175747836e-02,5.146009934412938691e-02,1.757912177906506557e-02,-1.445083308761851634e-02,-1.015994247648292215e-01,-2.211619142978106523e-02,-4.873851363890002730e-02,1.114229991491020588e-01,-2.331174180524587039e-02,1.177555049415287686e-01,6.106301117909491982e-02,4.125834582727626321e-02,-7.845878513081452899e-02,2.429978331803652608e-02,-1.651596939556997795e-02,1.145033422520009246e-02,-2.444705572010297256e-02,2.197040365867406614e-02
-3.581303872476661321e-02,1.705434871835611599e-01,-3.731701748145316300e-02,1.725554541813681952e-01,-3.572964519121434729e-02,1.694324406855482468e-01,-3.885509631649740336e-02,1.604522771159854200e-01,-4.238907170057105989e-02,1.551570234292725114e-01,-4.251489662510558876e-02,1.411265409479938171e-01,-2.346274337773177412e-02,1.316813713427113230e-01,-1.078108182435145133e-02,5.604798531334641981e-02,-9.243390364107016699e-02,5.480360264869862247e-02,1.540601878801655528e-02,-1.128022421572994621e-02,-1.033801770195467151e-01,-2.040674981154676215e-02,-4.906319402398818391e-02,1.128185082142393603e-01,-2.342547141419900475e-02,1.190729732495271476e-01,6.216124301080815095e-02,4.191067191264757213e-02,-7.953229801029143564e-02,2.439941236044366676e-02,-1.559519433173207903e-02,1.143832102278003610e-02,-2.475743136953075657e-02,2.222493267147576668e-02
-3.516009171391624999e-02,1.728822459788616761e-01,-3.624247109575600562e-02,1.747356895680372280e-01,-3.551969553251384248e-02,1.717278104119654147e-01,-3.691791369618403762e-02,1.637488101625486081e-01,-4.334663297490191219e-02,1.576659415431245770e-01,-4.263280597367569147e-02,1.418409254313332812e-01,-2.609698357965510584e-02,1.318508592036339855e-01,-1.249780880925328505e-02,6.065355703783835428e-02,-9.256038604043403950e-02,5.790560593915329568e-02,1.267145210059961516e-02,-7.613076074822212533e-03,-1.052651291414130053e-01,-1.894053671434627051e-02,-4.930557616027971685e-02,1.140622150419409453e-01,-2.361229389651415406e-02,1.202555978771292500e-01,6.327020528264319654e-02,4.228266493697492578e-02,-8.063232710561835104e-02,2.470474613326040583e-02,-1.454921392092739518e-02,1.149828771676784066e-02,-2.505929913838643441e-02,2.242794794950635912e-02
-3.461581210323173841e-02,1.752149258503258866e-01,-3.519505478835778522e-02,1.768607847970896652e-01,-3.546058708775315371e-02,1.740148326694292147e-01,-3.476775063602986771e-02,1.669420555749507873e-01,-4.446047272639008785e-02,1.601040284779322587e-01,-4.307008294734638448e-02,1.428153063128666800e-01,-2.735861520138901590e-02,1.322748894506904083e-01,-1.424729768733271409e-02,6.569415247382126566e-02,-9.235824726544177021e-02,6.079602533726158331e-02,9.524206406931370883e-03,-3.503265082514482424e-03,-1.070487615021402661e-01,-1.771261076836377207e-02,-4.948631304453696839e-02,1.152269056689641386e-01,-2.392095709122097485e-02,1.213800834878350915e-01,6.433530618605592943e-02,4.239220769774792313e-02,-8.170481241354980717e-02,2.520105120082739847e-02,-1.343852582481095369e-02,1.162675986117276371e-02,-2.537847658260901362e-02,2.261975737076696649e-02
-3.406017811205039325e-02,1.777239126512988876e-01,-3.418070900704672788e-02,1.791125507738747791e-01,-3.536534111192677493e-02,1.764703415953255972e-01,-3.257408725781141268e-02,1.700924937663442216e-01,-4.549689717310038267e-02,1.625845811933899210e-01,-4.370540879895595116e-02,1.441561212060029074e-01,-2.771476652664960072e-02,1.330025069786459901e-01,-1.587134389190808861e-02,7.066407481974333604e-02,-9.187228378122368200e-02,6.347008041728155470e-02,6.207614160013981419e-03,8.870098381230491708e-04,-1.085238619042076247e-01,-1.674969793075817975e-02,-4.964032772706620383e-02,1.163763424482054110e-01,-2.436379791924928734e-02,1.225177063769528479e-01,6.533166777529039737e-02,4.227650861939792615e-02,-8.269122986360520622e-02,2.583464243575294209e-02,-1.232744212819225985e-02,1.182690054554103032e-02,-2.574022433484822112e-02,2.282933426091874468e-02
-3.344195657550036449e-02,1.805124608675236497e-01,-3.327216916942234148e-02,1.816000370401457398e-01,-3.509757556564314929e-02,1.791917576965000591e-01,-3.058323856170475433e-02,1.732368503009383831e-01,-4.623184152272973024e-02,1.651687363166202682e-01,-4.435628723492399811e-02,1.458614023431196449e-01,-2.757697978253582233e-02,1.340007932161563220e-01,-1.718492065387157777e-02,7.496259451021758391e-02,-9.113802568504145163e-02,6.589074666568399408e-02,3.018381568136514499e-03,5.318427050056752717e-03,-1.095454822648909976e-01,-1.607390535272404386e-02,-4.979424410928885020e-02,1.175452630388001546e-01,-2.492014833660286671e-02,1.237204468034528160e-01,6.625309433942963566e-02,4.198425385086823614e-02,-8.353787145563587591e-02,2.653685503487619723e-02,-1.127195639407115035e-02,1.210903549145564070e-02,-2.615464714412444464e-02,2.306835776466904103e-02
-3.281665353541662195e-02,1.835581530417422780e-01,-3.257876751872074150e-02,1.843166186592163636e-01,-3.465862931032674676e-02,1.821535981049502984e-01,-2.901564890391562790e-02,1.763313776517264619e-01,-4.657018370515334654e-02,1.678389663057651138e-01,-4.486161310333561941e-02,1.478239388600243454e-01,-2.723535969182786995e-02,1.351967361309094062e-01,-1.800197012271154487e-02,7.810776703726445003e-02,-9.021998183666610216e-02,6.800346390148896691e-02,2.522452624226427607e-04,9.531362811903703811e-03,-1.100754502203865060e-01,-1.566526381975829815e-02,-4.994745345556923094e-02,1.187278904605835184e-01,-2.555194820527941987e-02,1.250196646383495425e-01,6.709244038591447024e-02,4.157015521917464124e-02,-8.419015076396178798e-02,2.725608767491684292e-02,-1.030921125682400519e-02,1.248890654115304005e-02,-2.660302051077138505e-02,2.333035842155771131e-02
-3.231636072899795459e-02,1.867255259823343283e-01,-3.219122603986449005e-02,1.871535408617008012e-01,-3.418653313411225414e-02,1.852249172973466362e-01,-2.797717315049907949e-02,1.792459323443316155e-01,-4.658579035516334510e-02,1.705081569260635255e-01,-4.514954989403631436e-02,1.498596172564563567e-01,-2.685868658273395104e-02,1.365274144330873296e-01,-1.817709772390774248e-02,7.991175623758431379e-02,-8.923256062709765402e-02,6.975654392964081296e-02,-1.855785805499066739e-03,1.330700019883984675e-02,-1.101693194761752953e-01,-1.545428569821364825e-02,-5.006720423373416801e-02,1.198858481318854363e-01,-2.621227001931678360e-02,1.264367453098166338e-01,6.782057604936675421e-02,4.110217712185702116e-02,-8.458133825351854540e-02,2.797875490589980113e-02,-9.450700684245874617e-03,1.298386450158811947e-02,-2.703415431178296524e-02,2.359451888080348753e-02
-3.206681432523559444e-02,1.898373080713932071e-01,-3.212902050730136877e-02,1.899679080987732860e-01,-3.387442487567938337e-02,1.882439190463880974e-01,-2.741689563681228015e-02,1.818204255240072620e-01,-4.647082893902429457e-02,1.730624193272164435e-01,-4.525266497998337717e-02,1.517580012685098845e-01,-2.654872039766484337e-02,1.379755983593555502e-01,-1.765527166867867509e-02,8.052639467190844669e-02,-8.832663161987730494e-02,7.111933225045517781e-02,-3.180951188333470785e-03,1.650750015513245683e-02,-1.099199932732805446e-01,-1.534976964731604721e-02,-5.010218764053147450e-02,1.209712241070395322e-01,-2.684659859051444220e-02,1.279963130979893116e-01,6.837590181402902756e-02,4.067402112752890875e-02,-8.463440027201324378e-02,2.872167336287639872e-02,-8.681692192867351832e-03,1.360704759327933076e-02,-2.737567158080637941e-02,2.383284465373006200e-02
-3.210427286035173744e-02,1.927666887507847593e-01,-3.232145061340856856e-02,1.926696917115060526e-01,-3.385815255966751619e-02,1.911108367810004927e-01,-2.715765092143345577e-02,1.839480833570175666e-01,-4.642369756379793183e-02,1.754157399946470464e-01,-4.526704423871999450e-02,1.533431385122921986e-01,-2.634983384621240182e-02,1.395692353547403619e-01,-1.650424795900964914e-02,8.034260443485455316e-02,-8.764781746177190136e-02,7.209551727541661792e-02,-3.720282297537075376e-03,1.907683252535241972e-02,-1.093793788212236995e-01,-1.527708195502862874e-02,-5.000881124849732712e-02,1.219538405179722007e-01,-2.739121434235292779e-02,1.297296813826148698e-01,6.866843080719463310e-02,4.040418967554088026e-02,-8.428268545129120881e-02,2.950086873641311752e-02,-7.966344078841541138e-03,1.436201514847481285e-02,-2.755685904147076384e-02,2.401859578494517505e-02
-3.233064294156023921e-02,1.954963706463626327e-01,-3.262510642324717436e-02,1.952764238100950789e-01,-3.413359358711242492e-02,1.938445178404061831e-01,-2.697536519816833012e-02,1.856369860199081068e-01,-4.654224442346777124e-02,1.775481466928728602e-01,-4.529046665305172525e-02,1.545266303733878743e-01,-2.625549403531821785e-02,1.413424068497238228e-01,-1.490553373614846716e-02,7.981085523849186514e-02,-8.728959653423901122e-02,7.272645578771345931e-02,-3.558327609109211004e-03,2.100991890797731035e-02,-1.085091220904184223e-01,-1.519894625238148861e-02,-4.977864123236856730e-02,1.228387884758989218e-01,-2.778439141487508771e-02,1.316637878480250157e-01,6.859707513206393659e-02,4.041028876472714526e-02,-8.350388118220627987e-02,3.029577503050713549e-02,-7.259002636086003823e-03,1.524065955215153298e-02,-2.753366234933510293e-02,2.413289390145387237e-02
-3.253361722650864596e-02,1.981044572648655022e-01,-3.287044788625065328e-02,1.978979487651774394e-01,-3.454719975042352953e-02,1.965642731459728565e-01,-2.669168233510670757e-02,1.870117985696784779e-01,-4.677916851285426891e-02,1.795045795469338012e-01,-4.537629245050495141e-02,1.553357663329436866e-01,-2.622703762990315560e-02,1.432773883816492178e-01,-1.310425683450387388e-02,7.928172839519433135e-02,-8.726113503421145667e-02,7.308267732544901363e-02,-2.804270632839552229e-03,2.232218534480539390e-02,-1.071920224667222005e-01,-1.510994662685339295e-02,-4.945412504970094630e-02,1.236658594436106789e-01,-2.798845946471617899e-02,1.338042400385014152e-01,6.807724868474908375e-02,4.076598894322333577e-02,-8.234996516555101453e-02,3.103462209642889047e-02,-6.519977080056926083e-03,1.622469953612100044e-02,-2.730492533892613441e-02,2.416893614938442347e-02
-3.245925267914839124e-02,2.006844581609821820e-01,-3.291857141840575512e-02,2.006545527089121095e-01,-3.485511701092759707e-02,1.994019247110476178e-01,-2.624207717002408763e-02,1.882600423220523733e-01,-4.696890512753676417e-02,1.813553162118078932e-01,-4.552849955818109862e-02,1.559023402907479539e-01,-2.619018086052227884e-02,1.452700728230310601e-01,-1.134238238650013032e-02,7.893628908053509918e-02,-8.748307386098545801e-02,7.324781848772798920e-02,-1.536345574516518285e-03,2.304266138531490746e-02,-1.053001890402234797e-01,-1.501171283033357964e-02,-4.912192798220203077e-02,1.244929613450055650e-01,-2.800651585784497133e-02,1.361238174950524238e-01,6.706703023286633703e-02,4.146378722943718648e-02,-8.095373442235241634e-02,3.161392869278487755e-02,-5.730878307206688053e-03,1.728736468639184565e-02,-2.691431406703810245e-02,2.413381269827367948e-02
-3.190780116226208524e-02,2.032520266510897122e-01,-3.270626570812576461e-02,2.035784250849609345e-01,-3.482448725987895288e-02,2.023973466937439292e-01,-2.568549303008546211e-02,1.895578398252382724e-01,-4.691178437303153426e-02,1.831434185495295353e-01,-4.572333348978668138e-02,1.564144980516996852e-01,-2.606663097273353644e-02,1.471464303945764218e-01,-9.805154888246967251e-03,7.880955564353789300e-02,-8.780981574338220241e-02,7.329896896087609304e-02,2.215404773598943396e-04,2.323528772609350854e-02,-1.027889008003075866e-01,-1.490447092871332972e-02,-4.888722626251969239e-02,1.253710664170524791e-01,-2.788376704946234769e-02,1.385629793393021447e-01,6.559091950547739358e-02,4.240403654728376603e-02,-7.950512561438258241e-02,3.194224656541660989e-02,-4.904035876114778113e-03,1.839043722154981922e-02,-2.643810722591276308e-02,2.404879319015194167e-02
-3.080806766632720323e-02,2.057047888230952859e-01,-3.225827888216759032e-02,2.065632610509567646e-01,-3.432662565662030624e-02,2.054455209783319913e-01,-2.515731034441327091e-02,1.910157698363699752e-01,-4.647019476869362203e-02,1.848550067211006398e-01,-4.594015840094359954e-02,1.570521966453939933e-01,-2.580718940069881215e-02,1.487261670361375854e-01,-8.597426864819032385e-03,7.886127707363337069e-02,-8.807000535344788883e-02,7.329167414943320302e-02,2.487015174480765312e-03,2.302247987188030254e-02,-9.975612200586587985e-02,-1.476302860692425487e-02,-4.883591188238688846e-02,1.263228567536527625e-01,-2.768820106236064005e-02,1.410407295684655837e-01,6.374949626496458077e-02,4.342038909941884489e-02,-7.820100030641635724e-02,3.198342847566462699e-02,-4.082840586160340658e-03,1.947809961338768311e-02,-2.596404566427025148e-02,2.394730631861570480e-02
-2.924066437041004246e-02,2.078669491893356536e-01,-3.166313261086783903e-02,2.093972972586044534e-01,-3.337916685448180654e-02,2.083300112371996582e-01,-2.479697746909043099e-02,1.926652482376736142e-01,-4.562700521486387495e-02,1.864334253871346991e-01,-4.617757957692172205e-02,1.579369747327435958e-01,-2.541618356157888947e-02,1.499008527675766422e-01,-7.749580879602210350e-03,7.904047860608687248e-02,-8.811289000547894990e-02,7.325545216157083872e-02,5.285483813281152167e-03,2.258430053045532362e-02,-9.644011542480761257e-02,-1.450209333870661546e-02,-4.900191447078489082e-02,1.273340397560152604e-01,-2.748014533326138473e-02,1.434706381109726869e-01,6.170879522309897364e-02,4.432950726212971093e-02,-7.718458071851938551e-02,3.177706236118248151e-02,-3.332135094531728757e-03,2.047615200055398488e-02,-2.556744268710624962e-02,2.386878726816932250e-02
-2.740675484516271604e-02,2.095966826094640134e-01,-3.102292560267658553e-02,2.118593529837338174e-01,-3.212959666870910530e-02,2.108256922175533177e-01,-2.468185423501361581e-02,1.944853726397957061e-01,-4.449177898446209783e-02,1.878281935113048084e-01,-4.644775461985341247e-02,1.591146411629265900e-01,-2.495329839677317557e-02,1.506819821824071370e-01,-7.242607835524574739e-03,7.932118322019002243e-02,-8.784749656329303436e-02,7.320096044808586944e-02,8.611525672488754002e-03,2.212982010156907403e-02,-9.314636718864012510e-02,-1.390571645832741621e-02,-4.935439144472267281e-02,1.283619106366473139e-01,-2.728948478402417471e-02,1.457773269766848290e-01,5.967506757680184765e-02,4.498509839996826798e-02,-7.649997505053547642e-02,3.142949947365951402e-02,-2.720473813545815946e-03,2.130559924287223766e-02,-2.529271233816661121e-02,2.384603159755489810e-02
-2.556415095349943295e-02,2.108847913403858187e-01,-3.040764837089956346e-02,2.138141322772570407e-01,-3.079526808390880763e-02,2.128015752679628669e-01,-2.480371424904757871e-02,1.964397475371437995e-01,-4.325566070969744104e-02,1.890425219058868567e-01,-4.676159172760509242e-02,1.605762424797570476e-01,-2.450986219882164002e-02,1.511993455498441552e-01,-7.035743050175947283e-03,7.971038432740273905e-02,-8.726206919176765497e-02,7.313524874202358139e-02,1.239550036141893324e-02,2.185626502966319523e-02,-9.014827910600822780e-02,-1.253108722385187085e-02,-4.981113094038484845e-02,1.293575537030817735e-01,-2.710964318031740955e-02,1.479109245654418037e-01,5.786407439462153135e-02,4.531525917020211985e-02,-7.608291347017734352e-02,3.108344362775974923e-02,-2.298680012368178524e-03,2.190898884582546252e-02,-2.514226121682147652e-02,2.389483008206330986e-02
-2.395806844233823799e-02,2.118897000826261423e-01,-2.983415044977297606e-02,2.152557606733550566e-01,-2.959710584752960061e-02,2.142722955607424262e-01,-2.508364297306329982e-02,1.985018812808510558e-01,-4.212995830347156245e-02,1.901481671983078492e-01,-4.711811457576856738e-02,1.622938846967472704e-01,-2.417096384161286637e-02,1.516548225144151163e-01,-7.082944518857258245e-03,8.024105033949653631e-02,-8.642091646505145608e-02,7.307922849298072177e-02,1.648083138571953057e-02,2.191729734439827604e-02,-8.759022595610051198e-02,-9.633839049309136579e-03,-5.027073607022849999e-02,1.302896908532934495e-01,-2.691051788546754489e-02,1.498550613819113475e-01,5.648007523668618218e-02,4.533117031225410154e-02,-7.579517223059617503e-02,3.088107106505289662e-02,-2.083659344055182206e-03,2.227427095103634222e-02,-2.507770713998936155e-02,2.400669028698287216e-02
-2.276625060691615104e-02,2.128940442918042519e-01,-2.927542759994413574e-02,2.162925628296308855e-01,-2.871010859760041167e-02,2.153861363041793264e-01,-2.541368408455463301e-02,2.006591716814643822e-01,-4.128814516111523059e-02,1.912599751344359889e-01,-4.750200112558636278e-02,1.642430123162914313e-01,-2.398411037286272279e-02,1.522545451951747841e-01,-7.333415881696312560e-03,8.095444171435516034e-02,-8.543852895338872877e-02,7.307715841599796147e-02,2.062201445519089293e-02,2.240533951459605655e-02,-8.543118469930008341e-02,-4.199643238061052941e-03,-5.064894322062786503e-02,1.311572382144479132e-01,-2.665906035895363249e-02,1.516215180174483590e-01,5.569553299674042529e-02,4.511029487504037566e-02,-7.548716214755886444e-02,3.093091316040238667e-02,-2.056906191861664415e-03,2.243798480824665473e-02,-2.503241702581310638e-02,2.415134729427315455e-02
-2.206406635566935531e-02,2.142181247334576932e-01,-2.868317583559251704e-02,2.171062956387815324e-01,-2.823673872379089955e-02,2.163801697444838190e-01,-2.569946831840340742e-02,2.029024047257451668e-01,-4.082641511745269819e-02,1.924914564652777937e-01,-4.788490434313263933e-02,1.663969036738149054e-01,-2.395107118991822090e-02,1.531467987947753850e-01,-7.719890288996332159e-03,8.187805877655174314e-02,-8.443896621300375771e-02,7.319240670194307463e-02,2.451628936988909518e-02,2.334064442258454095e-02,-8.344907304683246707e-02,4.845476034103546846e-03,-5.090303750775117264e-02,1.319838464458016059e-01,-2.633455652600127928e-02,1.532315602338965577e-01,5.561975780568221422e-02,4.476679547770883588e-02,-7.505820438453641996e-02,3.128458194681796312e-02,-2.178811119845074085e-03,2.246316791367953397e-02,-2.492931712430046520e-02,2.429373823885905628e-02
-2.181678693562437779e-02,2.161282734090824165e-01,-2.800870467039705963e-02,2.179114325261383711e-01,-2.820109299228347466e-02,2.175255753823361060e-01,-2.588497469779238100e-02,2.052116968052474788e-01,-4.074859280266838329e-02,1.939175608964474884e-01,-4.822791624344463512e-02,1.687008201542537777e-01,-2.404188790737980114e-02,1.543844728966076163e-01,-8.149204858143806185e-03,8.300306121174132190e-02,-8.351424391233375211e-02,7.348704997544278084e-02,2.787340317698836639e-02,2.466117729872637637e-02,-8.132089580396387185e-02,1.823962281401180288e-02,-5.103607175911270555e-02,1.328001124438770164e-01,-2.593429631804045066e-02,1.546943857099387920e-01,5.624948761138578307e-02,4.442284805094313949e-02,-7.448754370596039065e-02,3.192718046457702907e-02,-2.408329961619795796e-03,2.240722018604186100e-02,-2.470234413888127561e-02,2.441426176042609669e-02
-2.190390263859297998e-02,2.187667934778409762e-01,-2.721242857839218862e-02,2.189212021854630985e-01,-2.856044479640106395e-02,2.190706502280901913e-01,-2.595360737608214119e-02,2.075482717953288092e-01,-4.097939014789657441e-02,1.955595798379138883e-01,-4.848811292305209297e-02,1.710532316768802741e-01,-2.421570917166680770e-02,1.559193033535689332e-01,-8.512149440112852516e-03,8.427613828992766565e-02,-8.269872386489880711e-02,7.399295174683004350e-02,3.049644570488383236e-02,2.622597090070016845e-02,-7.876603291276838836e-02,3.592410265271379910e-02,-5.108232500180589358e-02,1.336273171445043484e-01,-2.547040769918389527e-02,1.559974970497879920e-01,5.742654805803310697e-02,4.418845498996412657e-02,-7.382673876912795863e-02,3.278380663824352614e-02,-2.714953303983081313e-03,2.230356798948717606e-02,-2.431398781348498295e-02,2.452361205640373257e-02
-2.217057781931412036e-02,2.221060386703345990e-01,-2.626903062590997193e-02,2.203040176133238826e-01,-2.922839877893473187e-02,2.211693784136344598e-01,-2.591479633597281590e-02,2.098523657795186015e-01,-4.140220029012509073e-02,1.973866600168595886e-01,-4.863440287499285614e-02,1.733128623179643613e-01,-2.443230212867105594e-02,1.576253078202065061e-01,-8.715467851642656749e-03,8.561365023635555960e-02,-8.196764895205652102e-02,7.469072723251085621e-02,3.233018752542040491e-02,2.784483735420229672e-02,-7.569184757189487134e-02,5.677825979151936153e-02,-5.108434474904659933e-02,1.344716601046006821e-01,-2.496416556448609325e-02,1.571171713364048761e-01,5.884059193097084667e-02,4.414707371540665948e-02,-7.316428711528565054e-02,3.374078521350869220e-02,-3.077135664827371914e-03,2.216883574617419667e-02,-2.376566972780463222e-02,2.465881362111464400e-02
-2.248414461136450868e-02,2.259322019753413902e-01,-2.517609833958044455e-02,2.221272577393290093e-01,-3.010026692536967377e-02,2.238086036338365892e-01,-2.578925876667261669e-02,2.120458174126946815e-01,-4.190536345043187338e-02,1.993223380355270691e-01,-4.866691368489935859e-02,1.753334534214401885e-01,-2.465120895820865562e-02,1.593415325029269580e-01,-8.721433523965845327e-03,8.692778594527786340e-02,-8.125677503677701530e-02,7.551042551344255838e-02,3.344911532702575518e-02,2.933319669995874956e-02,-7.226361470267847475e-02,7.873437832333080033e-02,-5.107374829304880959e-02,1.353272262595207054e-01,-2.443986403773277735e-02,1.580386777773966633e-01,6.009880715066527601e-02,4.434414173973393047e-02,-7.258541818905310528e-02,3.467447753264903815e-02,-3.472704702347815826e-03,2.202621528297121767e-02,-2.309963380335847832e-02,2.485972673264641095e-02
-2.277233989023556837e-02,2.298720090243364655e-01,-2.396990577179851367e-02,2.243091390677916519e-01,-3.107261052591062805e-02,2.267708657657777072e-01,-2.559948820378096790e-02,2.140373858059397838e-01,-4.241808213377008807e-02,2.012504689551057602e-01,-4.862691105530874552e-02,1.770020989868933137e-01,-2.482771463155879904e-02,1.609181648685203136e-01,-8.570493147979918458e-03,8.814980422186576015e-02,-8.048986022775625471e-02,7.635565778689834548e-02,3.398781108047971289e-02,3.056873015284454487e-02,-6.884905760219463267e-02,9.930700956560276071e-02,-5.106302722841440933e-02,1.361754229620965040e-01,-2.391671795478027968e-02,1.587680842301592565e-01,6.084869705198876766e-02,4.477896704628420849e-02,-7.214625744112559969e-02,3.548022455210105008e-02,-3.872657480741155053e-03,2.192074444168806008e-02,-2.239104812172880432e-02,2.513576704259949668e-02
-2.302451274047082747e-02,2.334667760179527929e-01,-2.274148599750368954e-02,2.266091085872200539e-01,-3.204746222585432014e-02,2.296681813505352665e-01,-2.537086143459008764e-02,2.157282301665416624e-01,-4.291406596859796696e-02,2.030224757866277707e-01,-4.858516553686813982e-02,1.782598889797860631e-01,-2.491704976615077838e-02,1.622486806488292466e-01,-8.369802817107308002e-03,8.923484176392809664e-02,-7.960628458263138696e-02,7.713434055213599927e-02,3.405883924788556671e-02,3.151750569982460920e-02,-6.586930243760032166e-02,1.162731351411366992e-01,-5.105082432163250000e-02,1.369771992977186770e-01,-2.340276799244194947e-02,1.593253793263311457e-01,6.089924293626253204e-02,4.540237510631582596e-02,-7.186860157064629828e-02,3.609190299028087329e-02,-4.242725647121698383e-03,2.191101100455197445e-02,-2.173233526659342288e-02,2.544421277091016287e-02
-2.326515844131272354e-02,2.362732654548507227e-01,-2.163970353341952008e-02,2.286731368467009584e-01,-3.292951001233120761e-02,2.320445712530712634e-01,-2.513590801005040343e-02,2.170201985917515897e-01,-4.338966692804408637e-02,2.044727928564509245e-01,-4.861388741750673204e-02,1.790958671348678033e-01,-2.488385081236156593e-02,1.632753188628756069e-01,-8.248781897390380924e-03,9.014966849951309980e-02,-7.858747326436653358e-02,7.777656956658569876e-02,3.371041238093128167e-02,3.221557692426210706e-02,-6.365381641741203744e-02,1.281431763196103635e-01,-5.103442207120656438e-02,1.376637146340725648e-01,-2.289832092970905258e-02,1.597254255495271225e-01,6.028700106602043196e-02,4.612202514369417167e-02,-7.174792304585014824e-02,3.648822114791402949e-02,-4.549508581054961809e-03,2.204083892442073450e-02,-2.121290344234117234e-02,2.569502480766479302e-02
-2.351922117706695819e-02,2.379510377762381057e-01,-2.084759452831971838e-02,2.301222710460207599e-01,-3.362467442471212681e-02,2.335014651348051584e-01,-2.493654388356926835e-02,2.178255490501780078e-01,-4.383328121514470932e-02,2.054431453454764189e-01,-4.875912206688758771e-02,1.795253832225469914e-01,-2.471333189536504757e-02,1.639691257840382166e-01,-8.305264435200764017e-03,9.085571353104721082e-02,-7.748072295206466509e-02,7.822948025472539757e-02,3.293577261689602242e-02,3.271868791775218305e-02,-6.238050118728544202e-02,1.342099046169754895e-01,-5.102117680660547133e-02,1.381397145525999626e-01,-2.241234395574911303e-02,1.599646055248149790e-01,5.924972402875080396e-02,4.681569950651291723e-02,-7.176525246146026049e-02,3.668436728585058870e-02,-4.764742906626719642e-03,2.231232530124906133e-02,-2.089950917572977462e-02,2.578332340161629266e-02
-2.379157845424764370e-02,2.383093787501445182e-01,-2.053102237512008377e-02,2.306586385731426159e-01,-3.404741287974403369e-02,2.337956712327967090e-01,-2.481964930067580635e-02,2.180787036821624780e-01,-4.420731317133887173e-02,2.058117357495589383e-01,-4.902746333135175882e-02,1.795664694396084671e-01,-2.441677044932030402e-02,1.643004513442126724e-01,-8.566947201773998655e-03,9.129876681209249389e-02,-7.640976465491430836e-02,7.844241710450430838e-02,3.171897167548153040e-02,3.304792868203975525e-02,-6.210552922902604772e-02,1.342705229867173777e-01,-5.103028930305521238e-02,1.383051924128706478e-01,-2.198243231828557465e-02,1.600227006661362195e-01,5.811782701798565848e-02,4.735182554835336982e-02,-7.189491948036734470e-02,3.671374153490998549e-02,-4.867526701914568626e-03,2.267766163102941449e-02,-2.082319155922546933e-02,2.563468356048114252e-02
-2.406788569723806309e-02,2.373093706639355371e-01,-2.077923942357288306e-02,2.301483126242692134e-01,-3.413876997874085162e-02,2.328775894791057233e-01,-2.482494644337868150e-02,2.177448648990731039e-01,-4.445538344788000501e-02,2.055166449705471687e-01,-4.938869074544428861e-02,1.792250907343032329e-01,-2.403271272805964504e-02,1.642251602815704981e-01,-8.983773111226361907e-03,9.141044144049634279e-02,-7.555767504455673800e-02,7.836296472017435788e-02,3.007682214975674478e-02,3.315692796362873507e-02,-6.282955402604328832e-02,1.283372555627857459e-01,-5.108226470708096545e-02,1.380867446753677730e-01,-2.168105453325407106e-02,1.598747515914876183e-01,5.717954499371259020e-02,4.761492221747358478e-02,-7.210712175644837241e-02,3.660987632828478777e-02,-4.845702484737368643e-03,2.305414902283380724e-02,-2.097558768678142033e-02,2.524183272588233565e-02
-2.432943925557132236e-02,2.350513046901203662e-01,-2.156758367804872609e-02,2.286580292923035551e-01,-3.388849143871096314e-02,2.308816389350658027e-01,-2.496814740352530648e-02,2.168239841471559237e-01,-4.452883010641991296e-02,2.045686303826208807e-01,-4.978321786525077841e-02,1.784886585482978738e-01,-2.362333567549301100e-02,1.636945952688351191e-01,-9.449234406547981843e-03,9.111697596394729981e-02,-7.511871059517141735e-02,7.795492268512574374e-02,2.807263133347575462e-02,3.293273159847533160e-02,-6.453004547573074068e-02,1.166164842811064639e-01,-5.118277712995028539e-02,1.374617833466187933e-01,-2.159420825048837672e-02,1.594972354208169518e-01,5.658901392791212959e-02,4.753251340915384121e-02,-7.236699181418293492e-02,3.639976069747640625e-02,-4.698320443229937748e-03,2.334950006756958407e-02,-2.131437517658473293e-02,2.467384165708266103e-02
-2.456928152588936862e-02,2.317600977588576416e-01,-2.276620965464076080e-02,2.264257617035121128e-01,-3.335120544190587483e-02,2.280809952506305249e-01,-2.522781483822575735e-02,2.153459138622038360e-01,-4.441612442292269120e-02,2.030468993916070553e-01,-5.012874381444312050e-02,1.773264281512201002e-01,-2.326667436100593109e-02,1.626878737983485090e-01,-9.841805253478330684e-03,9.034693601474830249e-02,-7.523223721865689162e-02,7.722940820000029349e-02,2.580252374669814164e-02,3.222457606778901529e-02,-6.713873930681624191e-02,9.977207388190920123e-02,-5.131156620870533369e-02,1.364597962060111191e-01,-2.177719491956763009e-02,1.588593033677752897e-01,5.636657484230829518e-02,4.709338732600983068e-02,-7.263447357301992813e-02,3.611131691163389779e-02,-4.438471899343840975e-03,2.348271738683806176e-02,-2.177517924734946597e-02,2.405224854847178018e-02
-2.480259804746529420e-02,2.277596837537052832e-01,-2.418696655846231877e-02,2.237685663171118666e-01,-3.264569507564586692e-02,2.248126131289371332e-01,-2.553976900987671092e-02,2.133575510909617723e-01,-4.415913468875136416e-02,2.010781167779570056e-01,-5.032918666363277171e-02,1.756987959859483417e-01,-2.304298788176323970e-02,1.612433688477442617e-01,-1.006362524166221420e-02,8.903891232312541315e-02,-7.592752623608617357e-02,7.626598874419351914e-02,2.336743622895196687e-02,3.089155726341190344e-02,-7.049530404570367170e-02,7.921650870591159799e-02,-5.142373026778922218e-02,1.351407889635670989e-01,-2.221233405040139164e-02,1.579036987308428119e-01,5.647441861911320360e-02,4.634829156636552372e-02,-7.286665900478844771e-02,3.578856795330588592e-02,-4.092761846694100564e-03,2.339278870836666163e-02,-2.228726346044655054e-02,2.350335123387157707e-02
-2.506405380321277687e-02,2.234140632749397615e-01,-2.564283701458273251e-02,2.209589753038083138e-01,-3.192516675049494879e-02,2.213787911562213884e-01,-2.581315793296115602e-02,2.109083369650941453e-01,-4.383747344850711519e-02,1.988001842056749957e-01,-5.029244020794315650e-02,1.735789962457021107e-01,-2.300665623244671498e-02,1.594644460035385680e-01,-1.007244893466118472e-02,8.714949812615044311e-02,-7.710144459390892713e-02,7.520241332293417513e-02,2.085440126479554124e-02,2.884660428856574213e-02,-7.432693261178195676e-02,5.709994554872905442e-02,-5.146587925186753981e-02,1.335663665964427482e-01,-2.279459105057512341e-02,1.565352745465447004e-01,5.689873977623905593e-02,4.539010505828935949e-02,-7.302386294431843783e-02,3.549554677407295439e-02,-3.696825533869962065e-03,2.303698677265222927e-02,-2.278988216112866685e-02,2.311115611968132116e-02
-2.539589302991693276e-02,2.190359214438977464e-01,-2.698722263758119438e-02,2.181229692387270935e-01,-3.132779617493020030e-02,2.179530445090486490e-01,-2.596410159979227472e-02,2.080421405212793118e-01,-4.353178720441916449e-02,1.963224444692736326e-01,-4.996258862412950030e-02,1.709820468645182612e-01,-2.316242403644266576e-02,1.574897173894032054e-01,-9.885347388291644555e-03,8.466189732675657997e-02,-7.852248408181644601e-02,7.418947866261793589e-02,1.832532983510181540e-02,2.607826077343755600e-02,-7.826110842592121086e-02,3.587409584139239493e-02,-5.139986226448325923e-02,1.317820605106857779e-01,-2.335776659644608205e-02,1.546345134119981590e-01,5.766819948208078139e-02,4.432086628944809092e-02,-7.307566053547498441e-02,3.529973895265622191e-02,-3.289482637762496282e-03,2.238717785200205340e-02,-2.324481607162172392e-02,2.289432116323688107e-02
-2.582830292911142411e-02,2.147974981494956415e-01,-2.812723794875058095e-02,2.152085885800305021e-01,-3.092533545318554289e-02,2.145336398930929034e-01,-2.596202459179793726e-02,2.047994799600495464e-01,-4.327992221981028648e-02,1.936950646242178720e-01,-4.933423678915587612e-02,1.679868992745294776e-01,-2.342517530002036219e-02,1.554445190410378985e-01,-9.548679924484377093e-03,8.159289598620293738e-02,-7.990787920939243505e-02,7.332967066175427595e-02,1.587286617465982069e-02,2.263430992375033146e-02,-8.192266251845281566e-02,1.762331660467453612e-02,-5.122515293251665713e-02,1.298217555394882705e-01,-2.372629283991642066e-02,1.520985270736772976e-01,5.879846168027380582e-02,4.321893641824491039e-02,-7.300279783261515165e-02,3.523873891754204790e-02,-2.908268275942114088e-03,2.143011151153908708e-02,-2.364111831743533065e-02,2.281488555159828790e-02
-2.636226855538308100e-02,2.106950840012227766e-01,-2.902689307763956297e-02,2.120424193519609701e-01,-3.069525254407977702e-02,2.109771800492807603e-01,-2.587983955000763489e-02,2.012276279108060617e-01,-4.303840754617039438e-02,1.909025430965095582e-01,-4.847561627488106151e-02,1.647367063768092610e-01,-2.358333286795096309e-02,1.533993962276838374e-01,-9.100621042891719401e-03,7.799157261523720353e-02,-8.092070482241017770e-02,7.262121734060113243e-02,1.362049631071382549e-02,1.857930838133105278e-02,-8.491636896402934842e-02,3.517989302697289988e-03,-5.099041173772815572e-02,1.277280814908240691e-01,-2.376407972244732464e-02,1.488936228600265255e-01,6.021844445007602797e-02,4.212060122512590460e-02,-7.279317846049745966e-02,3.528858364747003429e-02,-2.587315481103496205e-03,2.017352546828635879e-02,-2.398934029612269717e-02,2.280698475187280944e-02
-2.696291187517656576e-02,2.065963689100886735e-01,-2.971157835724138468e-02,2.084466269464680943e-01,-3.053216356891376090e-02,2.071023316991800756e-01,-2.591740759128495497e-02,1.973913364634642398e-01,-4.267512050480563174e-02,1.878890827334824543e-01,-4.753266410484575238e-02,1.614112813717242800e-01,-2.326075840107924911e-02,1.513608184174606852e-01,-8.518376185593366443e-03,7.393154908995944186e-02,-8.121701108535371583e-02,7.194299564078149301e-02,1.166853543130048909e-02,1.394994393906165420e-02,-8.684302246045609575e-02,-6.326424898842706625e-03,-5.078278694953587691e-02,1.255684270995134910e-01,-2.340193013921766305e-02,1.450887690734454227e-01,6.174246326325640022e-02,4.102864252599642408e-02,-7.243316008244218840e-02,3.535988814522007112e-02,-2.356711835532439292e-03,1.865523842336274524e-02,-2.430773372814136121e-02,2.280477215644171815e-02
-2.757669742644682648e-02,2.023423723307415933e-01,-3.027940023005982681e-02,2.043483600716130555e-01,-3.029025365937759728e-02,2.028036630260067474e-01,-2.639258662776219552e-02,1.933748362486940597e-01,-4.197535070733655893e-02,1.846017292572285085e-01,-4.676081819410496387e-02,1.581827335147613645e-01,-2.188055593284568556e-02,1.492986065414946550e-01,-7.748378546527216054e-03,6.950510366673239016e-02,-8.035766231223105682e-02,7.107924411330000802e-02,9.892714447486503082e-03,8.744862070403203180e-03,-8.716735244558079798e-02,-1.261554509906600077e-02,-5.070308604092037957e-02,1.234310474525055906e-01,-2.263296949772553718e-02,1.408484245197564877e-01,6.311233078991120016e-02,3.993602062339717679e-02,-7.190136530007754101e-02,3.532813618842561149e-02,-2.244850356303146333e-03,1.694880388273849528e-02,-2.460698197286602731e-02,2.275591086800332619e-02
-2.816364127121371436e-02,1.978454680918340924e-01,-3.090003638340758571e-02,1.998233883097015329e-01,-2.983370119726350828e-02,1.981128433906986230e-01,-2.768743495708380839e-02,1.892711880131047186e-01,-4.065788656890356734e-02,1.810273071444012116e-01,-4.658233698795358896e-02,1.551728145647335855e-01,-1.865315699352042625e-02,1.471885709259485031e-01,-6.839979940036340807e-03,6.482571061461728235e-02,-7.767811424628720540e-02,6.977949823886137048e-02,7.623047406487551934e-03,2.966222405924307751e-03,-8.507486879965975302e-02,-1.644327318235968421e-02,-5.083184419884693994e-02,1.213996953187577721e-01,-2.148975006042350838e-02,1.363832700524174601e-01,6.407697807824283553e-02,3.884864202269738831e-02,-7.117211194608324965e-02,3.508733123119445185e-02,-2.282981144968697536e-03,1.515947551090997616e-02,-2.488169055284674552e-02,2.262240356641256889e-02
-2.872461231574527374e-02,1.931236887306045369e-01,-3.178458889622100270e-02,1.950515746869522227e-01,-2.906886161798156662e-02,1.931729050985385998e-01,-3.016564179447942667e-02,1.851597113740139910e-01,-3.839901241313706248e-02,1.771984165949878620e-01,-4.766817981875018373e-02,1.524314836853503941e-01,-1.263871278753133515e-02,1.450390257840617203e-01,-6.114265443436795767e-03,6.003278772462707080e-02,-7.211728794873895065e-02,6.782378723445832425e-02,3.304044381107713868e-03,-3.306706908704990996e-03,-7.932657791355451904e-02,-1.891727448033645592e-02,-5.120160950828797630e-02,1.195151988496986201e-01,-2.001642595167523950e-02,1.318844335776458432e-01,6.446086668284146948e-02,3.778738362413033847e-02,-7.023034745964534808e-02,3.459731928071489715e-02,-2.511238625429481480e-03,1.340780401170228731e-02,-2.511102459339843024e-02,2.237892652559589010e-02
-2.930356781965823970e-02,1.882573831358710092e-01,-3.312539525446639432e-02,1.902120334869368268e-01,-2.795827063463504625e-02,1.881479359430275333e-01,-3.407536135736978500e-02,1.810775647494000939e-01,-3.488000692434518879e-02,1.731608853064013909e-01,-5.093212662410288860e-02,1.499373296851738702e-01,-2.930648186739427848e-03,1.428821039512552793e-01,-6.337615455895741733e-03,5.528611809831031343e-02,-6.222858817693494027e-02,6.507102345142634636e-02,-5.511954610386548062e-03,-9.862669068151991986e-03,-6.832977965264952491e-02,-2.094913140830059056e-02,-5.179630067175874236e-02,1.177489146644747631e-01,-1.825317736294200868e-02,1.274733011505205516e-01,6.419744225366431911e-02,3.676775640158853886e-02,-6.909170329904633368e-02,3.390118215144194425e-02,-2.976768111350121693e-03,1.180619993820502048e-02,-2.526881088650950388e-02,2.201230760633645506e-02
-2.995372435959223895e-02,1.833045697612155633e-01,-3.501908642036879321e-02,1.853801347942872768e-01,-2.651900783511006165e-02,1.831240365627586630e-01,-3.946084031613700943e-02,1.769955623400443490e-01,-2.987127785851084738e-02,1.689253461625410402e-01,-5.735210264155896076e-02,1.476067663506019367e-01,1.099037055324919056e-02,1.407346002863287815e-01,-8.740174652010648457e-03,5.073849232737777382e-02,-4.647868796952220327e-02,6.147609508065014078e-02,-2.160981137912164340e-02,-1.637435866906869486e-02,-5.049434813236374636e-02,-2.319399918136521438e-02,-5.257813916361989137e-02,1.159974762868558606e-01,-1.624547759248003848e-02,1.231880329621203585e-01,6.333010904579181033e-02,3.577476903245497414e-02,-6.781536506310131829e-02,3.310558965759565625e-02,-3.715794978991583675e-03,1.043828717067368621e-02,-2.533269947466633074e-02,2.152904673542660463e-02
-3.069256763093278217e-02,1.782364487164301847e-01,-3.741451865840880048e-02,1.804831883473389798e-01,-2.482241027086376853e-02,1.780608318695972303e-01,-4.610600136240697311e-02,1.728097283231712633e-01,-2.335286544350279395e-02,1.644357141784404397e-01,-6.756332962904247619e-02,1.452980051216490875e-01,2.884201671295594932e-02,1.385499103790436282e-01,-1.473773298873680415e-02,4.649338920578615503e-02,-2.389897393847989493e-02,5.708015211745719186e-02,-4.690201780446760782e-02,-2.250432296126110565e-02,-2.492529103791870509e-02,-2.606911684430756465e-02,-5.351383303826406923e-02,1.141051143731990070e-01,-1.407713927805487666e-02,1.190040470224389968e-01,6.199924428308836721e-02,3.475435184019708829e-02,-6.649843267932405155e-02,3.233700007334432136e-02,-4.721006517020824404e-03,9.351031828434792220e-03,-2.528998879965034530e-02,2.096154558358644809e-02
-3.147192737374972238e-02,1.729428026381181760e-01,-4.010704408687996297e-02,1.753448302994251862e-01,-2.299469715219439742e-02,1.728246647073121145e-01,-5.352208560086501449e-02,1.683612310761890551e-01,-1.563925514629065094e-02,1.595837932099373468e-01,-8.132822682100257494e-02,1.428083830115723929e-01,4.924992284141882504e-02,1.361900620097157844e-01,-2.529737826681954446e-02,4.256981762773745515e-02,5.083544731891310314e-03,5.198761797535127183e-02,-8.092202850152063753e-02,-2.805508492150937672e-02,7.716102189910929721e-03,-2.979817717606629904e-02,-5.455946071641918499e-02,1.119051855582194471e-01,-1.191556391602311207e-02,1.148664614417233831e-01,6.042017574566415500e-02,3.362893695928575316e-02,-6.525110279130205693e-02,3.169712124796970204e-02,-5.910560422148825044e-03,8.559806717950884172e-03,-2.514074902715052184e-02,2.036688640790934243e-02
-3.218654661961830449e-02,1.673080593870109045e-01,-4.278676692426285760e-02,1.697969028411817072e-01,-2.121401639594598654e-02,1.672851308178382457e-01,-6.099135219794125928e-02,1.634865020880168218e-01,-7.451390019001838741e-03,1.542688047919894556e-01,-9.715388092821508614e-02,1.398838488475015185e-01,6.978538077130357065e-02,1.334415285936237927e-01,-4.011126924484623157e-02,3.889314954366399762e-02,3.800396991664787422e-02,4.634209480426253192e-02,-1.197883781608415910e-01,-3.307905651536012515e-02,4.454392145812268583e-02,-3.446140499868541318e-02,-5.558762318059869145e-02,1.092701178714080984e-01,-1.004089518874223819e-02,1.107163561955779169e-01,5.885119499014388605e-02,3.232707402314295708e-02,-6.416213457845160173e-02,3.123559579731558650e-02,-7.121646542290573263e-03,8.059333607591633378e-03,-2.489736054328369960e-02,1.982046568672335071e-02
-3.271523637787619038e-02,1.613038773402285797e-01,-4.512130237350393813e-02,1.637928562119245479e-01,-1.969331946241579395e-02,1.614127161682502032e-01,-6.767071171196753498e-02,1.580802857441935272e-01,1.332985688385919087e-04,1.484672064434486849e-01,-1.123637836403245938e-01,1.362628254279400208e-01,8.739675092751715557e-02,1.300778260905920969e-01,-5.702903366866569901e-02,3.531606425917542535e-02,7.031419201167145305e-02,4.030370453181503221e-02,-1.564448929540185884e-01,-3.787577619570797749e-02,8.041223907956590589e-02,-4.004743408387696074e-02,-5.630397352071014189e-02,1.061556983996527481e-01,-8.830199768955304326e-03,1.065065295844845605e-01,5.754231086384082455e-02,3.080740871469700437e-02,-6.327217529812370622e-02,3.094496240802770484e-02,-8.143645426334576720e-03,7.830339447241901896e-03,-2.458501923206416612e-02,1.939846297453602653e-02
-3.297133073670192871e-02,1.550480456494883197e-01,-4.683449348575775828e-02,1.574666698592564473e-01,-1.864725761912682314e-02,1.553280198419701441e-01,-7.275025764734867340e-02,1.521498932548121796e-01,5.892212325284254364e-03,1.422765577331666642e-01,-1.237534112433411743e-01,1.317531986949247169e-01,9.910038152389907817e-02,1.259502012035935981e-01,-7.229416449774897502e-02,3.165818760200223708e-02,9.618997901934198125e-02,3.402511015022144369e-02,-1.824778942660048031e-01,-4.286856537660625049e-02,1.088039998963055560e-01,-4.650381807247885163e-02,-5.624935552992343935e-02,1.026253584747310044e-01,-8.681943367334139794e-03,1.022139158951111820e-01,5.667273328701284696e-02,2.906278172237278593e-02,-6.256787041142566896e-02,3.076897121117832395e-02,-8.781721407702256649e-03,7.839309536857290428e-03,-2.423893512830864461e-02,1.915554506039781821e-02
-3.293797384658325722e-02,1.487849041998905719e-01,-4.776029117120680900e-02,1.511001908761524792e-01,-1.825071941859192359e-02,1.492678313850784311e-01,-7.564570373849235918e-02,1.458303043065989069e-01,8.798563600956750205e-03,1.359008741733201964e-01,-1.286426394672016138e-01,1.263105602858438925e-01,1.027001029923552966e-01,1.210588194043356602e-01,-8.178638307821264886e-02,2.774772635613912894e-02,1.101067256151056356e-01,2.762505746072867197e-02,-1.909380951659069292e-01,-4.843615053349063782e-02,1.235931981593817175e-01,-5.374893935841816572e-02,-5.495025879171157313e-02,9.884187303477415254e-02,-9.895611761839007148e-03,9.785428849400323870e-02,5.629178301660933692e-02,2.710623334959248038e-02,-6.199879108701288749e-02,3.061538199789352876e-02,-8.921358193249575089e-03,8.036324295237196741e-03,-2.389660115818127359e-02,1.910210150108904159e-02
-3.266854383458875355e-02,1.428040220758412804e-01,-4.786000865990142072e-02,1.450228811566573461e-01,-1.859752089408471531e-02,1.434942135698289434e-01,-7.617516778798549826e-02,1.393556562137355237e-01,8.384279895813548031e-03,1.295889985483727469e-01,-1.258666974158130780e-01,1.200730297402721469e-01,9.733932537192974133e-02,1.155632156521465698e-01,-8.277910239196711872e-02,2.345235425883763700e-02,1.086864657069264301e-01,2.116681123490579686e-02,-1.789259314766296627e-01,-5.479302001642544218e-02,1.211260457912173016e-01,-6.166766438696019703e-02,-5.216970880603151450e-02,9.502266365374270607e-02,-1.255168925830247965e-02,9.349159471087374607e-02,5.628529046392453938e-02,2.495142610319145068e-02,-6.150666340652809205e-02,3.037028732542450260e-02,-8.561501041064362855e-03,8.359373677383558771e-03,-2.358626106967894043e-02,1.919031432713564841e-02
-3.225805088287300032e-02,1.373347026184960351e-01,-4.720756398204519616e-02,1.394971341730165126e-01,-1.967794493674916712e-02,1.381949888279391803e-01,-7.465747452848811583e-02,1.329963211095971931e-01,4.945438987663962685e-03,1.235551270942591984e-01,-1.162219493552939936e-01,1.133252722935812334e-01,8.374455834373048524e-02,1.097151046880700254e-01,-7.520615391767673796e-02,1.869327189303197564e-02,9.202771378749484421e-02,1.465834606145966987e-02,-1.486926695986800218e-01,-6.197204487035294640e-02,1.017120442230860788e-01,-7.008759810266600165e-02,-4.810412649818643360e-02,9.136716926682478257e-02,-1.644485754296350424e-02,8.922824729880596273e-02,5.638911936901804672e-02,2.260214131641225671e-02,-6.104744339595893909e-02,2.991527033707743269e-02,-7.800217168844168596e-03,8.746571747956861237e-03,-2.331569609873369170e-02,1.931701617150186415e-02
-3.179810010325054975e-02,1.324639206068545516e-01,-4.596262981205775922e-02,1.346362516362711315e-01,-2.137449105454927376e-02,1.334175537305152259e-01,-7.188101466053470334e-02,1.269829159492077975e-01,-5.190156216148612053e-04,1.179156834906254364e-01,-1.021435231847947905e-01,1.064044552795628262e-01,6.415131575191795887e-02,1.037433441299142611e-01,-6.163087634330439990e-02,1.344592189428459213e-02,6.379974720838640923e-02,8.077994229284433253e-03,-1.067382135220935613e-01,-6.988191254491042670e-02,6.969697539127686636e-02,-7.877214185941566749e-02,-4.337905482057323459e-02,8.798342580839410565e-02,-2.110857992140282441e-02,8.517042446868339223e-02,5.624882117335443243e-02,2.005568745881781967e-02,-6.059617546399543447e-02,2.915028898913659544e-02,-6.784666713341987870e-03,9.151405340920976822e-03,-2.306757392735684850e-02,1.934647231827716501e-02
-3.133784361680060082e-02,1.280991183235404285e-01,-4.433409276036390928e-02,1.303808577463179685e-01,-2.347918178776606246e-02,1.290561393073458574e-01,-6.893020793889682862e-02,1.214398705364405917e-01,-6.621345671099223770e-03,1.126601144387590903e-01,-8.676838012135830447e-02,9.958624209023617113e-02,4.181178782496440538e-02,9.774523843756888208e-02,-4.594674182029782200e-02,7.722206158118000152e-03,2.994747315670799603e-02,1.414760547566182650e-03,-6.138916027698328171e-02,-7.837715348512971913e-02,3.194414861270540584e-02,-8.745172252948371638e-02,-3.882888033678512374e-02,8.484543364220112349e-02,-2.593319430705947476e-02,8.137829355868346493e-02,5.551321977216377990e-02,1.731331750984389795e-02,-6.013367271928150848e-02,2.801934555723515144e-02,-5.654063685895525243e-03,9.550446236403806882e-03,-2.280560579680184635e-02,1.914703338784031275e-02
-3.087479111734246079e-02,1.239852154793004146e-01,-4.255744849548874498e-02,1.265234240577360891e-01,-2.572566656557726678e-02,1.248825549210231950e-01,-6.691728048466115408e-02,1.163453792870607767e-01,-1.199087926818302209e-02,1.076565844234106395e-01,-7.287680022350560838e-02,9.300175451980612074e-02,2.024882938977182190e-02,9.164564187082809010e-02,-3.166637141279231293e-02,1.543440620638882824e-03,-3.394516085880107045e-03,-5.308482540814402593e-03,-2.005330835423949423e-02,-8.729632875316563345e-02,-4.570379302541692501e-03,-9.588954373602974479e-02,-3.519150641287936004e-02,8.180125922369654856e-02,-3.033185853586047726e-02,7.783045299486771040e-02,5.392664172404500883e-02,1.439182142767840913e-02,-5.962986468547318286e-02,2.653051976617229121e-02,-4.503110241191913068e-03,9.941116123724599851e-03,-2.249010514273993427e-02,1.862677951774896826e-02
-3.037619274205020231e-02,1.197748199570480149e-01,-4.088261636591482978e-02,1.227646288776053085e-01,-2.782394823863001271e-02,1.206072618821248804e-01,-6.668479534038172785e-02,1.115314556273630520e-01,-1.560223291100855739e-02,1.026888544620580268e-01,-6.216540818627255133e-02,8.660739398011149670e-02,2.443611938305194006e-03,8.523657847322542447e-02,-2.077719252543256886e-02,-5.090547767899667418e-03,-3.174951816016113176e-02,-1.204201900247587470e-02,1.266145680496574139e-02,-9.646551117242106732e-02,-3.485565565409390332e-02,-1.039466236335564314e-01,-3.288629876937643193e-02,7.862655570539198169e-02,-3.388516607899857980e-02,7.442330419532210140e-02,5.138935541831701065e-02,1.133409069340682480e-02,-5.903921660302483693e-02,2.476494439437714953e-02,-3.377841236982973960e-03,1.033203279134312785e-02,-2.209637309104098279e-02,1.775443850834953693e-02
-2.982184076796024277e-02,1.151317483599291203e-01,-3.957235315895762939e-02,1.187804747596037658e-01,-2.949245834663533072e-02,1.159519598058779966e-01,-6.856426901962500708e-02,1.067303480280007572e-01,-1.693761052958115895e-02,9.751954441189666922e-02,-5.510588291254356341e-02,8.021398053213654733e-02,-9.721625840110381667e-03,7.828512725615030532e-02,-1.359269285989582812e-02,-1.221592293052850553e-02,-5.311949730067608288e-02,-1.873700668392295349e-02,3.540151698364345928e-02,-1.056915463572752206e-01,-5.681348738988083180e-02,-1.116014917029625741e-01,-3.196158141918756246e-02,7.509461251963739370e-02,-3.640756031827614703e-02,7.100661225682325384e-02,4.797041646737835313e-02,8.218952965190259169e-03,-5.831329844840538179e-02,2.286850387531374346e-02,-2.294537279302645821e-03,1.073449900486660516e-02,-2.162505192585174874e-02,1.655820405029520895e-02
-2.924584617312310855e-02,1.098369244314729709e-01,-3.889282122273376302e-02,1.142892966686578082e-01,-3.048946455889105928e-02,1.107192404327807800e-01,-7.226327341586910591e-02,1.016602602817231055e-01,-1.601036719703440719e-02,9.196767754321785726e-02,-5.127966378515305679e-02,7.356445263793429112e-02,-1.559930404026297311e-02,7.065554723865657971e-02,-9.343539541640182022e-03,-1.987800024676908070e-02,-6.768213534451708591e-02,-2.535998831819371094e-02,4.930997803812794261e-02,-1.147597985581868957e-01,-7.085780540221064960e-02,-1.189006219802834219e-01,-3.218200717303556363e-02,7.103466928603248409e-02,-3.792145190353443662e-02,6.743330223634227960e-02,4.387589755228295946e-02,5.168670272745456637e-03,-5.742359074369291633e-02,2.102248520785615291e-02,-1.260552975403504130e-03,1.115974526371868100e-02,-2.109851794883853271e-02,1.510855975005012675e-02
-2.875400781132236849e-02,1.038486296109520368e-01,-3.907894755491901628e-02,1.091052051671904805e-01,-3.064994792234234516e-02,1.048385368818455510e-01,-7.694170398137523126e-02,9.612130284975614614e-02,-1.330504713180537257e-02,8.597301067407037145e-02,-4.990738155211391774e-02,6.644063278912262782e-02,-1.557986753121529816e-02,6.239821673665775503e-02,-6.973838996172230208e-03,-2.806330973093610834e-02,-7.684253722052708513e-02,-3.187590617289359773e-02,5.673163660611707515e-02,-1.234401730731774782e-01,-7.879309293428893302e-02,-1.258697275040265573e-01,-3.317215559073376230e-02,6.636112748327951949e-02,-3.856981404685050352e-02,6.359801981400782511e-02,3.938967363216824141e-02,2.343956785452458620e-03,-5.637832470950332464e-02,1.939527803883794518e-02,-2.837545252537415370e-04,1.161974228918506886e-02,-2.054362441374057296e-02,1.349803282697562348e-02
-2.849907934884585853e-02,9.728867662156262530e-02,-4.026249268838455464e-02,1.031709740556782662e-01,-2.992832094299933965e-02,9.837556821762886983e-02,-8.147162625152820636e-02,9.006285117169095245e-02,-9.657533953554344255e-03,7.961664575147622824e-02,-5.027047211919574710e-02,5.877007761712375183e-02,-1.076407479152105377e-02,5.376848251697689124e-02,-5.672625531891914777e-03,-3.661962656355691181e-02,-8.230357907112656468e-02,-3.821588176425240457e-02,6.007836502357984110e-02,-1.314916651033601058e-01,-8.270732720570156404e-02,-1.324410195861245032e-01,-3.453195060807563721e-02,6.107260914932959028e-02,-3.852808255817055660e-02,5.944990821012461485e-02,3.480563767457894170e-02,-8.383987169240515562e-05,-5.522077542771978292e-02,1.808547847322525270e-02,6.306811607311640705e-04,1.212380661417174557e-02,-1.997162827435729204e-02,1.182800422666587144e-02
-2.862001411837722040e-02,9.036731234706915639e-02,-4.239177061250633954e-02,9.656597526926935515e-02,-2.842982721132297774e-02,9.150433734546714604e-02,-8.481365472498121616e-02,8.359128208595817400e-02,-6.046221236603198032e-03,7.308303166127735895e-02,-5.191554300418201040e-02,5.069938717765291175e-02,-2.629916874751009846e-03,4.516845697566111706e-02,-5.109055719812103519e-03,-4.521700450120732379e-02,-8.543810221624656420e-02,-4.426383937820776299e-02,6.111579682440282379e-02,-1.386760131856173972e-01,-8.421757159122035541e-02,-1.384498693170407579e-01,-3.593331927032308165e-02,5.523804123351706147e-02,-3.794459902048902267e-02,5.498485109909719004e-02,3.036895577769025550e-02,-1.983402031116573722e-03,-5.401063004715557503e-02,1.708094013047126158e-02,1.486391691173007817e-03,1.266609441421090096e-02,-1.936879506706311663e-02,1.020445159470895202e-02
-2.917077592166636424e-02,8.329548711175313591e-02,-4.518935734217460060e-02,8.948587812008228226e-02,-2.640840834443106827e-02,8.445386563516490974e-02,-8.635292430022409316e-02,7.691441874074383955e-02,-3.322486057171765948e-03,6.658117177500175177e-02,-5.467713604596680099e-02,4.258999976245943231e-02,7.286065209814676473e-03,3.703405407411738959e-02,-5.400290841804737327e-03,-5.339439946311459739e-02,-8.701299836119752440e-02,-4.988679300166415365e-02,6.069444236220788991e-02,-1.447830638887509791e-01,-8.415063059759059216e-02,-1.436998092280824257e-01,-3.716035616852154944e-02,4.897604969391376739e-02,-3.692988344378551890e-02,5.023391741793975518e-02,2.623936636642222250e-02,-3.314370750430120031e-03,-5.279995572044177826e-02,1.625988961289645887e-02,2.294716068026770445e-03,1.321045156651800417e-02,-1.870410063026815492e-02,8.736282796324166058e-03
-3.008424722400122181e-02,7.623258436319033104e-02,-4.820068188345179305e-02,8.219232420976199660e-02,-2.421665482182921991e-02,7.744611720236456442e-02,-8.606287388871719513e-02,7.025068037592374637e-02,-1.960540784757446725e-03,6.026363826376691935e-02,-5.862940020934576113e-02,3.492676073617254767e-02,1.776565689712962873e-02,2.970762868002839452e-02,-7.063134557728735149e-03,-6.067817012523249454e-02,-8.711552870407232585e-02,-5.498876252354052696e-02,5.875153923189618821e-02,-1.496732384021904894e-01,-8.251756079043151559e-02,-1.480462530858488723e-01,-3.815842382012934325e-02,4.244192385571822490e-02,-3.556335509506575870e-02,4.525786010190160219e-02,2.248298742401353897e-02,-4.151258272419555348e-03,-5.161433023452889624e-02,1.544090370865219830e-02,3.065444719521136750e-03,1.368475633830757224e-02,-1.795029712101750205e-02,7.526185815534670517e-03
-3.120705262737035260e-02,6.927930023232319046e-02,-5.094560804809601662e-02,7.493698231462418702e-02,-2.221872728407429942e-02,7.063803862795761668e-02,-8.445612188980000656e-02,6.374495354680952131e-02,-1.928454714774665256e-03,5.417823642364742731e-02,-6.406872986699027606e-02,2.816654595280486742e-02,2.823852991992482908e-02,2.334564136387629746e-02,-1.097226585967268388e-02,-6.671141290049313610e-02,-8.507982845530988325e-02,-5.956157488135538358e-02,5.440876173440614694e-02,-1.533109356841612647e-01,-7.851848894528820622e-02,-1.514586759818218886e-01,-3.904878531111306145e-02,3.581603406222277908e-02,-3.389794732287235851e-02,4.014863387753786483e-02,1.909067998402774052e-02,-4.662309777106963746e-03,-5.044737502825093201e-02,1.445846847298149634e-02,3.794621158900827584e-03,1.399580571577862739e-02,-1.710420878496975855e-02,6.650750085692252317e-03
-3.238951449805067828e-02,6.249704477703908745e-02,-5.310562254784725877e-02,6.788935386601302469e-02,-2.070148371332275472e-02,6.408811941766898168e-02,-8.237319291712666414e-02,5.742979092377689665e-02,-2.745176894908039379e-03,4.827127163937319776e-02,-7.150618447613431294e-02,2.258896822800059156e-02,3.887762113830096206e-02,1.789276036503755288e-02,-1.837412850569481240e-02,-7.132613656063033214e-02,-7.954968470407336456e-02,-6.369021249290995890e-02,4.613427010746383450e-02,-1.557706642586469403e-01,-7.071724860553980918e-02,-1.540269752060982877e-01,-4.010850456009359966e-02,2.928819727469160472e-02,-3.195227520693940532e-02,3.502514762345421140e-02,1.601454323933979018e-02,-5.046617541954132383e-03,-4.926531088203611047e-02,1.322589939593422567e-02,4.458040915630392606e-03,1.406043019497039796e-02,-1.619350712786600185e-02,6.134324627165863540e-03
-3.357778195545148975e-02,5.592346349304803954e-02,-5.464588763918938608e-02,6.109956171478316683e-02,-1.982214309834170324e-02,5.775890809795246328e-02,-8.071626693143449383e-02,5.124360272573817016e-02,-3.687062609232737240e-03,4.243113378635440108e-02,-8.154471885675090848e-02,1.820638890236702528e-02,5.029282330597414918e-02,1.312771089354728207e-02,-3.082475024330978350e-02,-7.453494093021482969e-02,-6.873924935810993286e-02,-6.751520326210214140e-02,3.210797592861590333e-02,-1.572069155824522002e-01,-5.737300804436705481e-02,-1.559288693049797059e-01,-4.169250992843492182e-02,2.303585778396451123e-02,-2.970433407599722825e-02,3.001650782622528393e-02,1.320387687050060196e-02,-5.459759333949662855e-03,-4.801880391737470971e-02,1.175444190428165739e-02,5.014106650574326127e-03,1.383758965639284022e-02,-1.526658285554654756e-02,5.929979911172115342e-03
-3.483582174039531743e-02,4.958068149737310248e-02,-5.579013295489403113e-02,5.452176732055393632e-02,-1.960615250267204457e-02,5.156230946868436277e-02,-8.019645763047075770e-02,4.509136644071021910e-02,-4.065896369945314233e-03,3.655182752260023593e-02,-9.455094860872140239e-02,1.476168341205404480e-02,6.292466565048991656e-02,8.757767694990729532e-03,-4.977987738705449278e-02,-7.647668662428784569e-02,-5.114374054659250046e-02,-7.116799478084746833e-02,1.099027531192517913e-02,-1.578099036223157281e-01,-3.722008322514767931e-02,-1.573704054950331166e-01,-4.409069617191604951e-02,1.720128653104823283e-02,-2.712323324150543030e-02,2.523157534394831689e-02,1.062874904454206432e-02,-5.962194916303830208e-03,-4.665396850028435960e-02,1.012852509994380257e-02,5.416085522012626004e-03,1.334421385492962943e-02,-1.437268755150826818e-02,5.920947266453275432e-03
-3.627770661141759695e-02,4.348746010718209515e-02,-5.686475316368914956e-02,4.808805483105668688e-02,-1.997734011537111512e-02,4.543208204212949297e-02,-8.115366458886405510e-02,3.891806975619926945e-02,-3.476328088725744083e-03,3.059286667973869916e-02,-1.102484707402048431e-01,1.181266348113628635e-02,7.649679168255876793e-02,4.516129621380108629e-03,-7.585008642152052394e-02,-7.737489304811569213e-02,-2.660681998527472669e-02,-7.471830287702826978e-02,-1.698625216323739959e-02,-1.577679152163267429e-01,-1.055906987818063664e-02,-1.585182531044738441e-01,-4.734791069833649974e-02,1.187172664595189178e-02,-2.424609866911338341e-02,2.072856927526017801e-02,8.281344105401678216e-03,-6.512735021902494106e-03,-4.512042763482472518e-02,8.455554325560337911e-03,5.627976214444909558e-03,1.264710007627468935e-02,-1.354450353909483068e-02,5.948764864990628218e-03
-3.795901173711008908e-02,3.767961778071964724e-02,-5.810961820599476468e-02,4.179235184040002576e-02,-2.080104787200990485e-02,3.938954335523871947e-02,-8.347506527227119277e-02,3.275958955886741630e-02,-1.939102556459234867e-03,2.461238439009263285e-02,-1.274259911502431675e-01,8.872147039757197901e-03,8.986285821933069629e-02,2.243429354279769276e-04,-1.079962235402382176e-01,-7.752833002104506099e-02,2.621724820319901172e-03,-7.815388475582943362e-02,-4.897709127950231056e-02,-1.572530411782132320e-01,1.972315477040819526e-02,-1.594363141822505436e-01,-5.112467468390234637e-02,7.074401408488159224e-03,-2.126562970337181335e-02,1.650309652203419547e-02,6.158314119585376126e-03,-7.005063658428584833e-03,-4.337663903760376888e-02,6.820572410092111751e-03,5.638087625459817578e-03,1.183914869499001592e-02,-1.279252396887418236e-02,5.860649433719996443e-03
-3.979728628151237013e-02,3.222941571603600563e-02,-5.955877254517630282e-02,3.573878725333502065e-02,-2.191569685832526690e-02,3.356825283385011377e-02,-8.664396345658709198e-02,2.675152815754067853e-02,1.145561666301541520e-04,1.876277473189697995e-02,-1.440446778622087587e-01,5.559529877476118362e-03,1.013170428125964029e-01,-4.191985220604665247e-03,-1.432503502549823671e-01,-7.730686107719841882e-02,3.162592272351441580e-02,-8.140010914149901911e-02,-7.938593025602684594e-02,-1.564133640499637823e-01,4.802771495008004848e-02,-1.600461656755186590e-01,-5.469581444358925792e-02,2.786990304767396689e-03,-1.855894480759900933e-02,1.250745721743798042e-02,4.233017890813341004e-03,-7.323568937049684292e-03,-4.139622024206165984e-02,5.266522412344302843e-03,5.465850971909618286e-03,1.101462044365811126e-02,-1.211257890390930736e-02,5.559204659982396740e-03
-4.157952915410909750e-02,2.724081786247718046e-02,-6.104894173493002202e-02,3.012344812016265472e-02,-2.315746130256876242e-02,2.817733822488453083e-02,-8.992225284529367646e-02,2.109106751958978246e-02,2.019080848290586566e-03,1.324635683666304867e-02,-1.578072941221678738e-01,1.710832806337279953e-03,1.092079466605231364e-01,-8.720557435490277828e-03,-1.774062898763738572e-01,-7.710857774887286409e-02,5.392702971176346199e-02,-8.435493139531662077e-02,-1.012190176093263339e-01,-1.553507726856681592e-01,6.738209404281665649e-02,-1.601293720354658723e-01,-5.714049512508409534e-02,-1.037188758652702377e-03,-1.660234565698418679e-02,8.696559408611928554e-03,2.431522532304924728e-03,-7.387414445967500909e-03,-3.917663299914768416e-02,3.805220997829055710e-03,5.160505521090220579e-03,1.025498845142489533e-02,-1.150069676178685704e-02,5.034779606139979866e-03
-4.304694680722340183e-02,2.281694005142880649e-02,-6.232494033266056804e-02,2.515988146856892177e-02,-2.438119862167323001e-02,2.341962137136816696e-02,-9.260855947865248572e-02,1.596984294142214308e-02,3.149259491560948802e-03,8.248511907494222167e-03,-1.669984756819515581e-01,-2.594318383877781097e-03,1.125753228014918367e-01,-1.329017418829813758e-02,-2.065417029628410228e-01,-7.726534704692863964e-02,6.376862545865644161e-02,-8.690907122519418715e-02,-1.086723400816162477e-01,-1.540683595447674137e-01,7.198551255270067839e-02,-1.593723959886853003e-01,-5.767627469154427283e-02,-4.438586100480902685e-03,-1.578993865957670564e-02,5.075445429214174228e-03,6.257764409440673718e-04,-7.165272672627199038e-03,-3.674896627302413898e-02,2.449676081641561157e-03,4.793546130152846925e-03,9.626832192255555323e-03,-1.096784603141023363e-02,4.367722130208345072e-03
-4.400662217586837066e-02,1.901719542763110130e-02,-6.317144653828210554e-02,2.098814586970799631e-02,-2.547928372279096090e-02,1.940492328138665803e-02,-9.427459756805788016e-02,1.150965311766403987e-02,3.178712703728317143e-03,3.877865697700210411e-03,-1.712292364152005197e-01,-7.094535959021933819e-03,1.115958031866799149e-01,-1.779319036104787949e-02,-2.285915151630635300e-01,-7.794022736889030800e-02,5.850491127104331945e-02,-8.894383252005308438e-02,-9.969551591539153879e-02,-1.524130997481990268e-01,5.974751868891508416e-02,-1.574353883179467894e-01,-5.598689154113108829e-02,-7.429073454610801708e-03,-1.624975968053046088e-02,1.719442812288649383e-03,-1.350390820767886088e-03,-6.662331691756730526e-03,-3.418217435619660960e-02,1.246456244244525599e-03,4.448414916822341497e-03,9.184117803717960563e-03,-1.054740005767118571e-02,3.700897655127477742e-03
-4.440435328842371604e-02,1.582850879722760840e-02,-6.350059929675205828e-02,1.761416200326417977e-02,-2.638843252933625524e-02,1.610212575601724025e-02,-9.487988788863879752e-02,7.728310020332728944e-03,2.207476623106443929e-03,1.394252939036135647e-04,-1.717124231208713991e-01,-1.145924172943833634e-02,1.076974166616067735e-01,-2.210177466496970541e-02,-2.440573352099833504e-01,-7.907865093366180098e-02,3.973216737927000308e-02,-9.033156485772494970e-02,-7.700064306276727111e-02,-1.500649499931177577e-01,3.334256885069093734e-02,-1.540267228805524968e-01,-5.237009313525429338e-02,-9.989960811788821046e-03,-1.776861717291597711e-02,-1.247834460648223742e-03,-3.667351354701256765e-03,-5.899707447110558341e-03,-3.157693403984383751e-02,2.850267869052437297e-04,4.208208565763674365e-03,8.964972939775536775e-03,-1.029042999713444470e-02,3.190997763950286815e-03
-4.432194310344933497e-02,1.317951479537946176e-02,-6.335771994885724956e-02,1.491836587400288336e-02,-2.707792557386192941e-02,1.336258895115538178e-02,-9.471840041110959896e-02,4.555624890873869771e-03,6.983066040894554249e-04,-3.041929928044443884e-03,-1.708743701051523289e-01,-1.539155041152827190e-02,1.032353054616148291e-01,-2.607556535830196295e-02,-2.554696633320777677e-01,-8.044095136804345347e-02,1.250850453806639714e-02,-9.096550057819721702e-02,-4.685275777103922734e-02,-1.466038352693850855e-01,-9.099729635633838076e-04,-1.489703056191893360e-01,-4.762244514749613272e-02,-1.209236676217778465e-02,-1.987412007652883394e-02,-3.707325419939253106e-03,-6.455184897601952063e-03,-4.907183956102534675e-03,-2.904760190241503781e-02,-3.272746607213445637e-04,4.142364519090230811e-03,8.981701283354851656e-03,-1.024772509417448511e-02,2.955834192333285648e-03
-4.391409074649189198e-02,1.098362460455720377e-02,-6.286434333714921441e-02,1.272218389029830532e-02,-2.753130966403927182e-02,1.099796073463706753e-02,-9.423511049446947618e-02,1.884043847234141093e-03,-7.479105022896292282e-04,-5.767426434443872346e-03,-1.713998428931012841e-01,-1.868288420760923219e-02,1.007355046092411471e-01,-2.956823539286021485e-02,-2.659728487454442458e-01,-8.169460087369778689e-02,-1.681390235046493695e-02,-9.081681532281196678e-02,-1.637201557243336825e-02,-1.416574235860466047e-01,-3.567090768566207049e-02,-1.422724391792460907e-01,-4.272444133924836740e-02,-1.372739768746424234e-02,-2.202481213526754147e-02,-5.597091060105128558e-03,-9.761491341001874919e-03,-3.733596087840589887e-03,-2.669899090755226134e-02,-5.143039651506650352e-04,4.292493888111463367e-03,9.210992699285804053e-03,-1.044361384229512864e-02,3.036049966758084910e-03
-4.333234487957363795e-02,9.183389467758399857e-03,-6.214858390226778162e-02,1.087069024474273185e-02,-2.773680277534892533e-02,8.867581627176960787e-03,-9.381602364586733023e-02,-3.749240431701866675e-04,-1.648420280479248601e-03,-8.109398677125897320e-03,-1.751443472336518536e-01,-2.122120439933570385e-02,1.019793583616697835e-01,-3.244117856677887490e-02,-2.778946431356579816e-01,-8.252314345850539357e-02,-4.288245902950044153e-02,-8.998518712566644373e-02,9.072982265554212569e-03,-1.350825597545841916e-01,-6.521140536712251301e-02,-1.341836313150725768e-01,-3.849548369626773492e-02,-1.492528867195994785e-02,-2.380081025315619603e-02,-6.935544566285430090e-03,-1.352095859962102083e-02,-2.461410930122596378e-03,-2.460991152716356448e-02,-2.745327741513437989e-04,4.660953220719792067e-03,9.594054966519658875e-03,-1.085469278082589265e-02,3.386068609600690997e-03
-4.268359418680163497e-02,7.763289836719794619e-03,-6.130509166159632539e-02,9.287105399314075221e-03,-2.770087819217177671e-02,6.930404190222209763e-03,-9.365351567306340330e-02,-2.260507493187146211e-03,-1.812485567350458678e-03,-1.008694772497013489e-02,-1.824219290985467923e-01,-2.298416192333996994e-02,1.073002066311310870e-01,-3.459362995049827805e-02,-2.918742324978393921e-01,-8.272340930453236929e-02,-6.268022197536073092e-02,-8.869751303491926753e-02,2.711873034811138061e-02,-1.271274083327669779e-01,-8.679013977025236415e-02,-1.252367678257246542e-01,-3.537930298117399064e-02,-1.575279251030226729e-02,-2.500650381506028253e-02,-7.807751519096335288e-03,-1.754139034777117342e-02,-1.205261591324854322e-03,-2.282861066754704460e-02,3.049451734106957846e-04,5.205600406989565644e-03,1.005065134713686859e-02,-1.140711079723477281e-02,3.897697979569587218e-03
-4.203741155689567216e-02,6.725176435379565110e-03,-6.041127230303415530e-02,7.969996626971495579e-03,-2.746940221671641605e-02,5.235398635680981426e-03,-9.374058739279905739e-02,-3.770517847837477447e-03,-1.355582963331805309e-03,-1.168051097499925306e-02,-1.920140996922597709e-01,-2.403732398514325797e-02,1.155293671053090609e-01,-3.600667439269342185e-02,-3.068818915001627068e-01,-8.227670135634145010e-02,-7.563264358816416955e-02,-8.724989526112111871e-02,3.809207922570027188e-02,-1.185023826989595186e-01,-1.004723453343071560e-01,-1.162357900450387005e-01,-3.342102097245855385e-02,-1.629370912919796133e-02,-2.566046570436698523e-02,-8.328933935572336786e-03,-2.151123227929492565e-02,-8.731133984290692651e-05,-2.138075955223547875e-02,1.070301309669176434e-03,5.844037773634571178e-03,1.050051390955552416e-02,-1.199635903088417006e-02,4.443348475804125876e-03
-4.145352935203276690e-02,6.048569570182218448e-03,-5.955973563159153161e-02,6.954191799797453284e-03,-2.713424790199138806e-02,3.873181381233205007e-03,-9.395612024045689459e-02,-4.891434289842649073e-03,-5.862986322098589706e-04,-1.286584950629496987e-02,-2.018153245162203346e-01,-2.453203776865644711e-02,1.245284555606700067e-01,-3.677545779953962646e-02,-3.208909767482754916e-01,-8.138240334005469867e-02,-8.286001638072408582e-02,-8.592578256646106472e-02,4.379026595237996838e-02,-1.103161483586738711e-01,-1.079943882097726543e-01,-1.081714528740557180e-01,-3.239283592453564425e-02,-1.662716622561403318e-02,-2.591287518565001113e-02,-8.612024967878943033e-03,-2.503308798876537067e-02,7.953374067497652900e-04,-2.028075583187894868e-02,1.842593667093977722e-03,6.467855450246372088e-03,1.088008689144410318e-02,-1.251926921116171092e-02,4.916581787757248918e-03
-4.100179468616534789e-02,5.672107519081984878e-03,-5.887577427589296003e-02,6.270433713797677819e-03,-2.681496979975839939e-02,2.925770114712775150e-03,-9.416820663172878469e-02,-5.622979654757609413e-03,1.497588519241184880e-04,-1.363910093821047755e-02,-2.096758197678659508e-01,-2.467886000973402300e-02,1.320144949851386751e-01,-3.709244241568532968e-02,-3.316863095569755338e-01,-8.041597661863654489e-02,-8.620879837700719250e-02,-8.493924943746750111e-02,4.627796885102677948e-02,-1.038614966265350159e-01,-1.115334520509765476e-01,-1.020659919958383371e-01,-3.195679950469315633e-02,-1.681584725238337991e-02,-2.595168159303964245e-02,-8.748263447474279031e-03,-2.768698535100094782e-02,1.390654815984492931e-03,-1.953932551005901214e-02,2.458320232711135034e-03,6.963783976575863011e-03,1.114925404699047135e-02,-1.290003092285892973e-02,5.252474258903898352e-03
